-- phpMyAdmin SQL Dump
-- version 2.11.6
-- http://www.phpmyadmin.net
--
-- 主机: localhost
-- 生成日期: 2010 年 01 月 24 日 02:39
-- 服务器版本: 5.0.51
-- PHP 版本: 5.2.6

SET SQL_MODE="NO_AUTO_VALUE_ON_ZERO";


/*!40101 SET @OLD_CHARACTER_SET_CLIENT=@@CHARACTER_SET_CLIENT */;
/*!40101 SET @OLD_CHARACTER_SET_RESULTS=@@CHARACTER_SET_RESULTS */;
/*!40101 SET @OLD_COLLATION_CONNECTION=@@COLLATION_CONNECTION */;
/*!40101 SET NAMES utf8 */;

--
-- 数据库: `soso`
--

-- --------------------------------------------------------

--
-- 表的结构 `kuaso_about`
--

CREATE TABLE IF NOT EXISTS `kuaso_about` (
  `about_id` mediumint(9) NOT NULL auto_increment,
  `title` varchar(200) NOT NULL,
  `filename` varchar(200) NOT NULL,
  `content` mediumtext NOT NULL,
  `is_show` int(1) NOT NULL,
  `url` varchar(225) NOT NULL,
  `sortid` int(11) NOT NULL,
  PRIMARY KEY  (`about_id`)
) ENGINE=MyISAM  DEFAULT CHARSET=utf8 AUTO_INCREMENT=5 ;

--
-- 导出表中的数据 `kuaso_about`
--

INSERT INTO `kuaso_about` (`about_id`, `title`, `filename`, `content`, `is_show`, `url`, `sortid`) VALUES
(1, '加入竞价推广', 'tg', '', 1, '../tg/', 0),
(2, '搜索风云榜', 'top', '', 1, '../top/', 0),
(3, '网站登录', 'url_submit', '', 1, '../search/url_submit.php', 0),
(4, '关于本站', 'about', '这里可以写一些关于本站的介绍文字！', 1, '', 0);

-- --------------------------------------------------------

--
-- 表的结构 `kuaso_ad`
--

CREATE TABLE IF NOT EXISTS `kuaso_ad` (
  `ad_id` mediumint(9) NOT NULL auto_increment,
  `sortid` mediumint(9) NOT NULL,
  `type` int(10) NOT NULL,
  `title` varchar(225) NOT NULL,
  `siteurl` varchar(225) NOT NULL,
  `content` mediumtext NOT NULL,
  `is_show` int(1) NOT NULL,
  PRIMARY KEY  (`ad_id`)
) ENGINE=MyISAM  DEFAULT CHARSET=utf8 AUTO_INCREMENT=7 ;

--
-- 导出表中的数据 `kuaso_ad`
--

INSERT INTO `kuaso_ad` (`ad_id`, `sortid`, `type`, `title`, `siteurl`, `content`, `is_show`) VALUES
(1, 0, 3, '实用工具', 'http://www.adminrt.cn', '', 1),
(2, 0, 3, '网址导航', '/site/', '', 1),
(3, 0, 3, '| 更多>>', '../s/newsite.php', '', 1),
(4, 0, 1, '找更多{zeidu:keyword}，请来百度', 'http://www.baidu.com/s?wd={zeidu:keyword}&ch=&tn=50820348_pg&bar=', '', 1),
(5, 0, 1, '找更多{zeidu:keyword}，请来谷歌', 'http://www.google.cn/search?hl=zh-CN&source=hp&q={zeidu:keyword}&aq=f&oq=', '', 1),
(6, 0, 2, '出售夸搜搜索引擎程序', 'http://www.kuaso.com/a/buy.html', '出售夸搜高仿百度搜索引擎程序，带蜘蛛和竞价排名系统！联系QQ：8038506', 1);

-- --------------------------------------------------------

--
-- 表的结构 `kuaso_admin`
--

CREATE TABLE IF NOT EXISTS `kuaso_admin` (
  `admin_id` mediumint(9) NOT NULL auto_increment,
  `adminname` varchar(225) NOT NULL,
  `password` varchar(225) NOT NULL,
  `logintime` int(10) NOT NULL,
  `lastlogintime` int(10) NOT NULL,
  `loginip` varchar(20) NOT NULL,
  `lastloginip` varchar(20) NOT NULL,
  PRIMARY KEY  (`admin_id`)
) ENGINE=MyISAM  DEFAULT CHARSET=utf8 AUTO_INCREMENT=2 ;

--
-- 导出表中的数据 `kuaso_admin`
--

INSERT INTO `kuaso_admin` (`admin_id`, `adminname`, `password`, `logintime`, `lastlogintime`, `loginip`, `lastloginip`) VALUES
(1, 'admin', 'admin', 2010, 2010, '127.0.0.1', '127.0.0.1');

-- --------------------------------------------------------

--
-- 表的结构 `kuaso_categories`
--

CREATE TABLE IF NOT EXISTS `kuaso_categories` (
  `cate_id` mediumint(9) NOT NULL auto_increment,
  `cate_title` varchar(200) NOT NULL,
  `cate_url` varchar(225) NOT NULL,
  `parent_id` mediumint(20) NOT NULL,
  `sort_id` mediumint(9) NOT NULL,
  PRIMARY KEY  (`cate_id`)
) ENGINE=MyISAM  DEFAULT CHARSET=utf8 AUTO_INCREMENT=425 ;

--
-- 导出表中的数据 `kuaso_categories`
--

INSERT INTO `kuaso_categories` (`cate_id`, `cate_title`, `cate_url`, `parent_id`, `sort_id`) VALUES
(343, '娱乐', '', 0, 1),
(338, '音乐', '', 337, 0),
(339, '视频', '', 337, 0),
(340, '游戏', '', 337, 0),
(341, '电影', '', 337, 0),
(342, '新闻', '', 337, 0),
(344, '生活', '', 0, 2),
(345, '地方', '', 0, 3),
(346, '网络', '', 0, 4),
(347, '其他', '', 0, 5),
(348, '音乐', '', 343, 0),
(349, '视频', '', 343, 0),
(350, '游戏', '', 343, 0),
(351, '电影', '', 343, 0),
(352, '新闻', '', 343, 0),
(353, '小说', '', 343, 0),
(354, '军事', '', 343, 0),
(355, '图片', '', 343, 0),
(356, '动漫', '', 343, 0),
(357, '星座', '', 343, 0),
(358, '体育', '', 343, 0),
(359, 'NBA', '', 343, 0),
(360, '交友', '', 343, 0),
(361, '明星', '', 343, 0),
(362, '社区', '', 343, 0),
(363, '搞笑', '', 343, 0),
(364, '天气', '', 344, 0),
(365, '彩票', '', 344, 0),
(366, '查询', '', 344, 0),
(367, '手机', '', 344, 0),
(368, '股票', '', 344, 0),
(369, '基金', '', 344, 0),
(370, '银行', '', 344, 0),
(371, '移动', '', 344, 0),
(372, '房产', '', 344, 0),
(373, '菜谱', '', 344, 0),
(374, '汽车', '', 344, 0),
(375, '地图', '', 344, 0),
(376, '健康', '', 344, 0),
(377, '两性', '', 344, 0),
(378, '女性', '', 344, 0),
(379, '时尚', '', 344, 0),
(380, '儿童', '', 344, 0),
(381, '电视', '', 344, 0),
(382, '旅游', '', 344, 0),
(383, '购物', '', 344, 0),
(384, '大学', '', 344, 0),
(385, '招聘', '', 344, 0),
(386, '宠物', '', 344, 0),
(387, '北京', '', 345, 0),
(388, '上海', '', 345, 0),
(389, '广东', '', 345, 0),
(390, '湖北', '', 345, 0),
(391, '山东', '', 345, 0),
(392, '广西', '', 345, 0),
(393, '湖南', '', 345, 0),
(394, '四川', '', 345, 0),
(395, '江苏', '', 345, 0),
(396, '河南', '', 345, 0),
(397, '河北', '', 345, 0),
(398, '山西', '', 345, 0),
(399, '浙江', '', 345, 0),
(400, '辽宁', '', 345, 0),
(401, '安徽', '', 345, 0),
(402, '福建', '', 345, 0),
(403, '陕西', '', 345, 0),
(404, '黑龙江', '', 345, 0),
(405, '软件', '', 346, 0),
(406, '邮箱', '', 346, 0),
(407, '空间', '', 346, 0),
(408, '杀毒', '', 346, 0),
(409, '闪游', '', 346, 0),
(410, '硬件', '', 346, 0),
(411, '桌面', '', 346, 0),
(412, '聊天', '', 346, 0),
(413, '网页', '', 346, 0),
(414, '摄影', '', 347, 0),
(415, '英语', '', 347, 0),
(416, '考试', '', 347, 0),
(417, '教学', '', 347, 0),
(418, '曲艺', '', 347, 0),
(419, '琴棋', '', 347, 0),
(420, '行业', '', 347, 0),
(421, '国外', '', 347, 0),
(422, '法律', '', 347, 0),
(423, '政府', '', 347, 0),
(424, '公益', '', 347, 0);

-- --------------------------------------------------------

--
-- 表的结构 `kuaso_dh_class`
--

CREATE TABLE IF NOT EXISTS `kuaso_dh_class` (
  `class_id` mediumint(9) NOT NULL auto_increment,
  `sort_id` mediumint(9) NOT NULL,
  `classname` varchar(225) NOT NULL,
  `type_id` int(11) NOT NULL,
  PRIMARY KEY  (`class_id`)
) ENGINE=MyISAM  DEFAULT CHARSET=utf8 AUTO_INCREMENT=53 ;

--
-- 导出表中的数据 `kuaso_dh_class`
--

INSERT INTO `kuaso_dh_class` (`class_id`, `sort_id`, `classname`, `type_id`) VALUES
(28, 0, '小说', 1),
(29, 0, '游戏', 1),
(30, 0, '软件', 1),
(31, 0, '军事', 1),
(32, 0, '音乐', 1),
(33, 0, '邮箱', 1),
(34, 0, '视频', 1),
(35, 0, '闪游', 1),
(36, 0, '新闻', 1),
(37, 0, '社区', 1),
(38, 0, '财经', 1),
(39, 0, '交友', 1),
(40, 0, '硬件', 1),
(41, 0, '博客', 1),
(42, 0, '银行', 1),
(43, 0, '体育', 1),
(44, 0, '购物', 1),
(45, 0, '手机', 1),
(46, 0, '招聘', 1),
(47, 0, '汽车', 1),
(48, 0, '酷站', 1),
(49, 0, '生活', 1),
(50, 0, '实用查询', 2),
(51, 0, '常用软件', 2),
(52, 0, '游戏专区', 2);

-- --------------------------------------------------------

--
-- 表的结构 `kuaso_dh_goodlinks`
--

CREATE TABLE IF NOT EXISTS `kuaso_dh_goodlinks` (
  `link_id` mediumint(9) NOT NULL auto_increment,
  `title` varchar(225) NOT NULL,
  `url` varchar(225) NOT NULL,
  `sort_id` mediumint(9) NOT NULL,
  PRIMARY KEY  (`link_id`)
) ENGINE=MyISAM  DEFAULT CHARSET=utf8 AUTO_INCREMENT=76 ;

--
-- 导出表中的数据 `kuaso_dh_goodlinks`
--

INSERT INTO `kuaso_dh_goodlinks` (`link_id`, `title`, `url`, `sort_id`) VALUES
(36, '百　度', 'http://www.baidu.com/', 0),
(37, '新　浪', 'http://www.sina.com.cn/', 0),
(38, '腾　讯', 'http://www.qq.com/', 0),
(39, '搜　狐', 'http://www.sohu.com/', 0),
(40, '网　易', 'http://www.163.com/', 0),
(41, '谷 歌', 'http://www.google.cn/', 0),
(42, '凤 凰 网', 'http://www.ifeng.com/', 0),
(43, '央 视 网', 'http://www.cctv.com/default.shtml', 0),
(44, '新 华 网', 'http://www.xinhuanet.com/', 0),
(45, '人 民 网', 'http://www.people.com.cn/', 0),
(46, 'MSN中文网', 'http://cn.msn.com/', 0),
(47, '中国政府网', 'http://www.gov.cn/', 0),
(48, '校 内 网', 'http://www.xiaonei.com/', 0),
(49, '迅　雷', 'http://www.xunlei.com/', 0),
(50, '湖南卫视', 'http://www.hunantv.com/', 0),
(51, '汽车之家', 'http://www.autohome.com.cn/', 0),
(52, '中国移动', 'http://www.chinamobile.com/', 0),
(53, '太平洋电脑网', 'http://www.pconline.com.cn/', 0),
(54, '中华英才网', 'http://www.chinahr.com/', 0),
(55, '东方财富', 'http://www.eastmoney.com/', 0),
(56, '中 彩 网', 'http://www.zhcw.com/', 0),
(57, '瑞星杀毒', 'http://www.rising.cn/', 0),
(58, '智联招聘', 'http://www.zhaopin.com/Market/hao123.jsp', 0),
(59, '携程旅行网', 'http://www.ctrip.com/', 0),
(60, '百度有啊', 'http://youa.baidu.com/', 0),
(61, '百 姓 网', 'http://www.baixing.com/', 0),
(62, '360安全卫士', 'http://www.360.cn/', 0),
(63, '淘 宝 网', 'http://www.taobao.com/', 0),
(64, '51个人空间', 'http://www.51.com/', 0),
(65, '工商银行', 'http://www.icbc.com.cn/', 0),
(66, '永恒之塔', 'http://aion.sdo.com/Web1/aionhao123.asp', 0),
(67, '天龙八部', 'http://tl.sohu.com/?rcc_id=72e6650b0ff6991b4de70e8d6d112660', 0),
(68, '中关村在线', 'http://www.zol.com.cn/', 0),
(69, '安居客房产网', 'http://www.anjuke.com/', 0),
(70, '太平洋汽车网', 'http://www.pcauto.com.cn/', 0),
(71, '大冶网址导航', 'http://www.dayeit.cn/', 0),
(72, '站长论坛', 'http://bbs.adminrt.com', 0),
(73, '热土站长网', 'http://www.adminrt.com/', 0),
(74, '夸搜', 'http://www.kuaso.com/', 0),
(75, '黄石SEO', 'http://www.dayeit.net/', 0);

-- --------------------------------------------------------

--
-- 表的结构 `kuaso_dh_links`
--

CREATE TABLE IF NOT EXISTS `kuaso_dh_links` (
  `link_id` mediumint(9) NOT NULL auto_increment,
  `title` varchar(225) NOT NULL,
  `url` varchar(225) NOT NULL,
  `class_id` mediumint(9) NOT NULL,
  PRIMARY KEY  (`link_id`)
) ENGINE=MyISAM  DEFAULT CHARSET=utf8 AUTO_INCREMENT=313 ;

--
-- 导出表中的数据 `kuaso_dh_links`
--

INSERT INTO `kuaso_dh_links` (`link_id`, `title`, `url`, `class_id`) VALUES
(132, '起点', 'http://www.qidian.com/', 28),
(133, '快递', 'http://www.ip138.com/ems/', 50),
(134, '手机号码', 'http://www.ip138.com/sj/', 50),
(135, '天气预报', 'http://qq.ip138.com/weather/', 50),
(136, '邮编区号', 'http://www.ip138.com/post/', 50),
(137, '航班', 'http://flights.ctrip.com/Domestic/SearchFlights.aspx', 50),
(138, '列车时刻', 'http://qq.ip138.com/train/', 50),
(139, '小说阅读网', 'http://www.readnovel.com/', 28),
(140, '潇湘书院', 'http://www.xxsy.net/', 28),
(141, '红袖添香', 'http://www.hongxiu.com/', 28),
(142, '逐浪小说网', 'http://www.zhulang.com/', 28),
(143, '新浪读书', 'http://book.sina.com.cn/', 28),
(144, '言情小说吧', 'http://www.xs8.cn/', 28),
(145, '17173', 'http://www.17173.com/', 29),
(146, '小游戏', 'http://www.4399.net/', 29),
(147, '7k7k游戏', 'http://www.7k7k.com/', 29),
(148, '魔域', 'http://my.91.com/intro/t4.shtml', 29),
(149, '征途', 'http://zt.ztgame.com/index123.shtml', 29),
(150, '问道', 'http://wd.gyyx.cn/hao123.htm', 29),
(151, '成吉思汗', 'http://han.70yx.com/zt/hao123/index3.html', 29),
(152, '天龙八部', 'http://tl.sohu.com/?rcc_id=0864a706506bbe8af7f1fc77aca71cc0', 29),
(153, '天空软件', 'http://www.skycn.com/', 30),
(154, '华军软件', 'http://www.onlinedown.net/', 30),
(155, '非凡软件', 'http://www.crsky.com/', 30),
(156, '中关村下载', 'http://xiazai.zol.com.cn/', 30),
(157, '太平洋下载', 'http://dl.pconline.com.cn/', 30),
(158, '新浪下载', 'http://tech.sina.com.cn/down/', 30),
(159, '中华网军事', 'http://military.china.com/zh_cn/', 31),
(160, '新浪军事', 'http://mil.news.sina.com.cn/', 31),
(161, '网易军事', 'http://news.163.com/war/', 31),
(162, '铁血军事', 'http://www.tiexue.net/', 31),
(163, '凤凰网军事', 'http://news.ifeng.com/mil/', 31),
(164, 'QQ163音乐网', 'http://www.qq163.com/', 32),
(165, '一听音乐', 'http://www.1ting.com/', 32),
(166, '爱听音乐', 'http://www.aiting.com/', 32),
(167, '可可西音乐', 'http://www.cococ.com/', 32),
(168, '百度MP3', 'http://mp3.baidu.com/', 32),
(169, '酷我音乐盒', 'http://www.koowo.com/pa_mbox/site/0044/index.html', 32),
(170, '163邮箱', 'http://mail.163.com/', 33),
(171, '雅虎邮箱', 'http://mail.cn.yahoo.com/', 33),
(172, '126邮箱', 'http://www.126.com/', 33),
(173, '新浪邮箱', 'http://mail.sina.com.cn/', 33),
(174, 'QQ邮箱', 'http://mail.qq.com/', 33),
(175, 'Hotmail', 'http://www.hotmail.com/', 33),
(176, '139邮箱', 'http://mail.139.com/', 33),
(177, '56.com', 'http://www.56.com/', 34),
(178, '优酷网', 'http://www.youku.com/', 34),
(179, '土豆网', 'http://www.tudou.com/', 34),
(180, '新浪视频', 'http://video.sina.com.cn/?c=spr_web_sq_hao123_video', 34),
(181, '酷6网', 'http://www.ku6.com/', 34),
(182, '迅雷看看', 'http://kankan.xunlei.com/', 34),
(183, '风行影视', 'http://www.funshion.com/', 34),
(184, '4399游戏', 'http://www.4399.net/', 35),
(185, '三国风云', 'http://in.sg.kunlun.com/?u=191&amp;u2=81link', 35),
(186, '武侠风云', 'http://in.wx.kunlun.com/?u=473&amp;u2=81link', 35),
(187, '天书奇谈', 'http://jh.uume.com/hao123.php', 35),
(188, '91玩游戏', 'http://www.91wan.com/hao123/', 35),
(189, '摩尔庄园', 'http://www.51mole.com/', 35),
(190, '265G闪游', 'http://www.265g.com/', 35),
(191, '新浪新闻', 'http://news.sina.com.cn/', 36),
(192, '搜狐新闻', 'http://news.sohu.com/', 36),
(193, '新华网', 'http://www.xinhuanet.com/', 36),
(194, '联合早报', 'http://www.zaobao.com/', 36),
(195, '路透中文网', 'http://cn.reuters.com/', 36),
(196, '中国网', 'http://www.china.com.cn/', 36),
(197, '站长论坛', 'http://bbs.adminrt.com', 37),
(198, '天涯社区', 'http://www.tianya.cn/', 37),
(199, '猫扑大杂烩', 'http://dzh.mop.com/', 37),
(200, 'ChinaRen', 'http://www.chinaren.com/', 37),
(201, '百度贴吧', 'http://tieba.baidu.com/', 37),
(202, 'QQ校友', 'http://xiaoyou.qq.com/', 37),
(203, '开心网', 'http://www.kaixin001.com/', 37),
(204, '东方财富网', 'http://www.eastmoney.com/', 38),
(205, 'FT中文网', 'http://www.ftchinese.com/cpa_rde.php?ccode=2G090125&amp;pageurl=index.php', 38),
(206, '金融界', 'http://www.jrj.com.cn/', 38),
(207, '华尔街日报', 'http://chinese.wsj.com/gb/index.asp', 38),
(208, '新浪财经', 'http://finance.sina.com.cn/', 38),
(209, '百度财经', 'http://finance.baidu.com/', 38),
(210, '世纪佳缘', 'http://www.jiayuan.com/', 39),
(211, '珍爱婚恋网', 'http://www.zhenai.com/', 39),
(212, '嫁我网', 'http://www.marry5.com/', 39),
(213, '360圈交友', 'http://www.360quan.com/?afid=19&amp;lev1=child&amp;ac=XXXXX&amp;bc=XXXX', 39),
(214, '9158交友', 'http://www.9158.com/', 39),
(215, '爱情公寓', 'http://www.ipart.cn/', 39),
(216, '知己交友', 'http://www.zhiji.com/', 39),
(217, '太平洋电脑网', 'http://www.pconline.com.cn/', 40),
(218, '中关村在线', 'http://www.zol.com.cn/', 40),
(219, '泡泡网', 'http://www.pcpop.com/', 40),
(220, 'IT168网', 'http://www.it168.com/', 40),
(221, '电脑之家', 'http://www.pchome.net/', 40),
(222, '天极网', 'http://www.yesky.com/', 40),
(223, 'QQ空间', 'http://qzone.qq.com/', 41),
(224, '网易博客', 'http://blog.163.com/', 41),
(225, '新浪博客', 'http://blog.sina.com.cn/', 41),
(226, '51博客', 'http://www.51.com/', 41),
(227, '百度空间', 'http://hi.baidu.com/', 41),
(228, '搜狐博客', 'http://blog.sohu.com/', 41),
(229, '工商银行', 'http://www.icbc.com.cn/', 42),
(230, '招商银行', 'http://www.cmbchina.com/', 42),
(231, '农业银行', 'http://www.abchina.com/', 42),
(232, '建设银行', 'http://www.ccb.com/', 42),
(233, '中国银行', 'http://www.boc.cn/', 42),
(234, '交通银行', 'http://www.bankcomm.com/', 42),
(235, '新浪体育', 'http://sports.sina.com.cn/', 43),
(236, '搜狐体育', 'http://sports.sohu.com/', 43),
(237, '中国体彩网', 'http://www.lottery.gov.cn/', 43),
(238, 'NBA中文网', 'http://nba.tom.com/', 43),
(239, '鲨威体坛', 'http://sports.tom.com/', 43),
(240, '当当网', 'http://www.dangdang.com/', 44),
(249, '手机世界', 'http://www.3533.com/', 45),
(250, '泡泡手机', 'http://mobile.pcpop.com/', 45),
(248, '新浪手机', 'http://tech.sina.com.cn/mobile/', 45),
(242, '淘宝网', 'http://www.taobao.com/', 44),
(243, '京东商城', 'http://www.360buy.com/union/union_default.asp?union_Id=35', 44),
(244, '逛街网', 'http://www.togj.com/index.html?from=H123h', 44),
(245, '鲜花礼品网', 'http://www.flowercn.com/?sid=fcn01', 44),
(246, '卓越网', 'http://www.amazon.cn/?source=2009hao123kuzhan', 44),
(247, '百度有啊', 'http://youa.baidu.com/', 44),
(251, 'ZOL手机', 'http://mobile.zol.com.cn/', 45),
(252, '太平洋手机', 'http://mobile.pconline.com.cn/', 45),
(253, '手机之家', 'http://www.imobile.com.cn/', 45),
(254, '手机中国', 'http://www.cnmo.com/', 45),
(255, '中华英才网', 'http://www.chinahr.com/', 46),
(256, '前程无忧', 'http://www.51job.com/', 46),
(257, '智联招聘', 'http://www.zhaopin.com/', 46),
(258, '中国人才热线', 'http://www.cjol.com/', 46),
(259, '上海第一招聘', 'http://www.01job.cn/', 46),
(260, '太平洋汽车', 'http://www.pcauto.com.cn/', 47),
(261, '新浪汽车', 'http://auto.sina.com.cn/', 47),
(262, '汽车之家', 'http://www.autohome.com.cn/', 47),
(263, '易车网', 'http://www.bitauto.com/', 47),
(264, '车168网', 'http://www.che168.com/', 47),
(265, '网上车市', 'http://www.cheshi.com/', 47),
(266, '爱卡汽车网', 'http://www.xcar.com.cn/', 47),
(267, 'Qunar酒店', 'http://hotel.qunar.com/?dh=hotk_P0T0M0', 48),
(268, '新浪女性', 'http://eladies.sina.com.cn/?c=spr_web_sq_hao123_lady', 48),
(269, '互动百科', 'http://www.hudong.com/', 48),
(270, '女人志', 'http://www.onlylady.com/', 48),
(271, 'KC网络电话', 'http://www.keepc.com/voip/', 48),
(272, '千寻服饰', 'http://www.qianxun.com/', 48),
(273, '壹基金', 'http://www.onefoundation.cn/', 48),
(274, '58同城生活', 'http://www.58.com/', 49),
(275, '我爱打折网', 'http://www.55bbs.com/', 49),
(276, '瑞丽', 'http://www.rayli.com.cn/', 49),
(277, '搜房网', 'http://www.soufun.com/', 49),
(278, '百姓网', 'http://www.baixing.com/', 49),
(279, '安居客', 'http://www.anjuke.com/', 49),
(280, '在线翻译', 'http://translate.google.cn/', 50),
(281, '万年历', 'http://qq.ip138.com/day/', 50),
(282, 'IP地址', 'http://www.ip138.com/', 50),
(283, '繁体字', 'http://www.aies.cn/', 50),
(284, '股票', 'http://quote.eastmoney.com/quote1_1.html', 50),
(285, '基金净值', 'http://fund.baidu.com/', 50),
(286, '公交', 'http://bus.mapbar.com/', 50),
(287, 'WinRAR', 'http://www.winrar.com.cn/', 51),
(288, '暴风影音', 'http://www.baofeng.com/', 51),
(289, 'QQ', 'http://im.qq.com/qq/all.shtml', 51),
(290, '迅雷', 'http://dl.xunlei.com/', 51),
(291, '360卫士', 'http://www.360.cn/down/soft_down2-3.html', 51),
(292, '搜狗拼音', 'http://pinyin.sogou.com/', 51),
(293, '千千静听', 'http://ttplayer.qianqian.com/', 51),
(294, '大智慧', 'http://www.gw.com.cn/', 51),
(295, '飞信', 'http://www.fetion.com.cn/download/', 51),
(296, '酷我', 'http://www.kuwo.cn/', 51),
(297, '驱动精灵', 'http://www.drivergenius.com/', 51),
(298, 'PPS', 'http://www.pps.tv/bd/hz/index.htm', 51),
(299, '傲游', 'http://www.maxthon.cn/', 51),
(300, '瑞星杀毒', 'http://shop.rising.com.cn/download/index.htm', 51),
(301, '魔兽世界', 'http://wow.163.com/', 52),
(302, '冒险岛', 'http://mxd.sdo.com/homepage.htm', 52),
(303, '梦幻西游', 'http://xyq.163.com/download/index.html', 52),
(304, '热血江湖', 'http://rxjh.17game.com/', 52),
(305, '劲舞团', 'http://au.9you.com/', 52),
(306, 'DNF', 'http://dnf.qq.com/', 52),
(307, '商业大亨', 'http://bto.uwan.com/', 52),
(308, '穿越火线', 'http://cf.qq.com/', 52),
(309, '跑跑卡丁车', 'http://popkart.tiancity.com/', 52),
(310, '口袋精灵2', 'http://passport.webgame.com.cn/register.do?type=pm&amp;from=hpm', 52),
(311, '休闲游戏', 'http://www.game.com.cn/', 52);

-- --------------------------------------------------------

--
-- 表的结构 `kuaso_dh_siteconfig`
--

CREATE TABLE IF NOT EXISTS `kuaso_dh_siteconfig` (
  `sid` mediumint(9) NOT NULL auto_increment,
  `name` varchar(225) NOT NULL,
  `user_agent` varchar(200) NOT NULL,
  `url` varchar(225) NOT NULL,
  `searchcode` mediumtext NOT NULL,
  `adtitle` varchar(225) NOT NULL,
  `icp` varchar(100) NOT NULL,
  `statcode` mediumtext NOT NULL,
  `copyright` mediumtext NOT NULL,
  `status_content` mediumtext NOT NULL,
  `description` mediumtext NOT NULL,
  `keywords` mediumtext NOT NULL,
  `telephone` varchar(225) NOT NULL,
  `qq` varchar(225) NOT NULL,
  `notice` mediumtext NOT NULL,
  PRIMARY KEY  (`sid`)
) ENGINE=MyISAM  DEFAULT CHARSET=utf8 AUTO_INCREMENT=2 ;

--
-- 导出表中的数据 `kuaso_dh_siteconfig`
--

INSERT INTO `kuaso_dh_siteconfig` (`sid`, `name`, `user_agent`, `url`, `searchcode`, `adtitle`, `icp`, `statcode`, `copyright`, `status_content`, `description`, `keywords`, `telephone`, `qq`, `notice`) VALUES
(1, '夸搜网址之家', '', '', '', '--实用网址,搜索大全,尽在www.kuaso.cn', '', '<script src="http://s73.cnzz.com/stat.php?id=1088532&web_id=1088532&online=1&show=line" language="JavaScript" charset="gb2312"></script>', 'Copyright 2008-2010 版权所有 kuaso', '夸搜网址之家——最专业权威的上网导航', '夸搜网址之家——最专业权威的上网导航。及时收录包括音乐、视频、小说、游戏等热门分类的优秀网站，与搜索完美结合，提供最简单便捷的网上导航服务，是数千万网民的上网主页。精彩网络生活，从夸搜开始。', '最专业权威的上网导航', '15807234626', '8038506', '夸搜网址之家开通啦，支持夸搜发展请将本站设为首页！');

-- --------------------------------------------------------

--
-- 表的结构 `kuaso_guestbook`
--

CREATE TABLE IF NOT EXISTS `kuaso_guestbook` (
  `gid` mediumint(9) NOT NULL auto_increment,
  `replyid` mediumint(9) NOT NULL,
  `title` varchar(225) NOT NULL,
  `content` mediumtext NOT NULL,
  `fileurl` varchar(225) NOT NULL,
  `addtime` int(10) NOT NULL,
  `reply_time` int(10) NOT NULL,
  `ip` varchar(100) NOT NULL,
  `reply_count` mediumint(9) NOT NULL,
  `click_count` mediumint(9) NOT NULL,
  PRIMARY KEY  (`gid`)
) ENGINE=MyISAM DEFAULT CHARSET=utf8 AUTO_INCREMENT=1 ;

--
-- 导出表中的数据 `kuaso_guestbook`
--


-- --------------------------------------------------------

--
-- 表的结构 `kuaso_links`
--

CREATE TABLE IF NOT EXISTS `kuaso_links` (
  `link_id` mediumint(9) NOT NULL auto_increment,
  `title` varchar(225) NOT NULL,
  `tuiguang` int(11) NOT NULL,
  `site_id` mediumint(9) NOT NULL,
  `url` varchar(225) NOT NULL,
  `keywords` mediumtext NOT NULL,
  `description` mediumtext NOT NULL,
  `fulltxt` mediumtext NOT NULL,
  `pagesize` float NOT NULL,
  `level` int(11) NOT NULL,
  `updatetime` int(11) NOT NULL,
  `addtime` int(11) default NULL,
  PRIMARY KEY  (`link_id`),
  FULLTEXT KEY `title` (`title`),
  FULLTEXT KEY `keywords` (`keywords`),
  FULLTEXT KEY `description` (`description`)
) ENGINE=MyISAM  DEFAULT CHARSET=utf8 AUTO_INCREMENT=133 ;

--
-- 导出表中的数据 `kuaso_links`
--

INSERT INTO `kuaso_links` (`link_id`, `title`, `tuiguang`, `site_id`, `url`, `keywords`, `description`, `fulltxt`, `pagesize`, `level`, `updatetime`, `addtime`) VALUES
(1, '《征途》官方网站，玩家最喜爱的网络游戏，210万人火爆在线', 0, 0, 'http://zt.ztgame.com', '', '', ' 首页 注册 帐号管理 点卡经销商 充值 下载中心 客服中心 玩家论坛 商务中心 新闻中心 活动中心 经验心得 心情故事 新手上路 游戏资料 游戏截图 玩家相册 任务攻略 交易拍卖 地图怪物 社会系统 职业技能 宠物代练 装备系统 战争系统 ·帐号维护 ·客服热点新闻 ·资料补填 ·自助问题提交 ·修改密码 ·网络传真服务 ·玩家论坛 ·违规处罚 对一款已经玩的很熟的游戏，以下哪种情况会比较符合您？ 等待内容更新 希望少更新，保持长期稳定 继续玩，因为朋友都在玩 * 新手上路 * 游戏背景 安装运行 登陆游戏 角色创建 游戏界面 基本操作 人物属性 如何聊天 * 游戏介绍 * 技能分类 技能加点 好友系统 家族系统 帮会系统 国家系统 任务介绍 装备简介 交易摆摊 替身宝宝 荣誉系统 智力答题 装备打造 五行阵法 * 高手进阶 * PK 帮会夺城战 国家战争 推荐人系统 装备改造 装备升级 坐骑系统 * 游戏技巧 * 如何获得金钱 如何获得装备 技能加点 如何洗点 仓库使用 大地图', 53, 0, 1264270595, 1264270595),
(2, '百度知道——全球最大中文互动问答平台', 0, 0, 'http://zhidao.baidu.com', '', '', ' 新闻 网页 贴吧 知道 MP3 图片 视频 百科 文库 帮助 设置 问题分类 已解决问题数：73859822 待解决问题数：1105421 电脑/网络 硬件 软件 电脑装机 互联网 反病毒 百度知道 ... 生活 服装/首饰 美容/塑身 购物 美食/烹饪 购车养车 交通出行 ... 医疗健康 内科 外科 五官科 妇产科 儿科 人体常识 ... 体育/运动 足球 篮球 赛车/F1 健身 武术搏击 运动用品 ... 电子数码 手机购买 手机使用 MP4/MP3 照相机/摄像机 ... 商业/理财 股票 个人理财 财务税务 银行业务 贸易 创业投资 ... 教育/科学 升学入学 学习帮助 英语考试 出国/留学 职业教育 科学技术 ... 社会民生 法律 公务办理 军事 时事政治 宗教 求职就业 ... 文化/艺术 文学 历史话题 民俗传统 器乐/声乐 舞蹈 书画美术 ... 游戏 网络游戏 单机游戏 电视游戏 手机游戏 小游戏 ... 娱乐休闲 音乐 电影 电视 动漫 星座/运势 宠物 ... 烦恼 恋爱 夫妻 家庭关系 校园生活 情感情绪 交友技巧 ... 资源共享 视频', 56, 0, 1264270597, 1264270597),
(3, '百度有啊——要购物 先百度', 0, 0, 'http://youa.baidu.com', '百度有啊，有啊，youa，C2C，网上购物，网上商城，在线购物，购物网站，网络购物，安全购物，网购，网上交易，在线交易，电子商务，网上买，网上卖，一口价，打折，网上开店，免费开店，网店，店铺', '百度旗下全新大型购物网站，为人们提供更便捷、可靠的一站式网上购物体验，先收货后付款让您购物省事更安心。', ' 您的浏览器已经禁用了脚本，这会影响您正常使用本站的功能。 百度一下 百度一下 搜店铺 高级 帮助 首页 女人 美容 手机数码 名品 彩票 更多&gt;&gt; 公告栏 工行暂停网上支付公告 类目/属性优化调整公告 可赢2400万的大乐透上线 更多&gt;&gt; 2元起热卖场 炫酷入耳式耳机8元包邮 超炫彩妆盘圣诞包邮 欧莱雅美白日霜仅68元 御泥坊9.9秒杀包邮 圣诞紫水晶挂坠0.9元 甜蜜巧克力礼盒包邮 多功能实用腰包25元 玫瑰粉水晶蝴蝶9.9元 竹炭保暖打底裤15.99元 [特价]3.99元秋冬必备超长无指手套 春节送礼啦 全场买就送 进店有礼 玩转大富豪 10天疯狂秒 援助海地！ 全程保障放心购 消费权益保障 诚信保障 七天退换 专柜正品 海外正品 全新保障 年终折扣推荐 名品特价 24小时折扣区 晒稀奇 new 清华紫光4g MP5 特价170元 疯抢格仔毛呢外套 包邮58元 5折 褶皱牛仔裤 包快递39元 九阳豆浆机全国联保 包快递189元 8折 红辣椒纤体按摩凝露 包快递8.99元 炫彩MP3入耳式耳机 包快递8元 [特惠', 133, 0, 1264270600, 1264270600),
(4, '寻仙官方网站-腾讯首款3D网游大作', 0, 0, 'http://xx.qq.com', '寻仙官方网站-腾讯首款3D网游大作 首款 3D大作 永久免费 游戏特色 职业展示 神宠异兽 玄宝奇宝 副本探幽 下载安装 进入游戏 游戏界面 基本操作 常见问题 游戏截图 精美壁纸 腾讯游戏 QQ ', '寻仙官方网站-腾讯首款3D网游大作', ' 新手指南 新手指南 充值仙玉 寻仙会员 官方论坛 腾讯客服 进入官网 最新完整客户端下载 版本:V1.2.2.1 更新:10.01.11 全新高速下载器下载 超级旋风下载 BT高速下载 最新补丁下载 版本:1.2.2.1 更新:10.01.11 超级旋风下载 ==== 历史补丁下载 ==== 内容加载中... 合作媒体下载 寻仙资料站 多玩 17173 新浪游戏 766 PcGames 1T1T 52PK 游久网 131游戏网 网际快车 99you游戏网 关于腾讯 | About Tencent | 服务条款 | 广告服务 | 腾讯招聘 | 客服中心 | 商务合作 | 网站导航 Copyright 1998 – 2010 Tencent. All Rights Reserved. 腾讯公司 版权所有 温馨提示：你的浏览器已经禁用了JavaScript！寻仙官方网站需要运行javasrcipt才可以正常浏览。您可以按照以下方式使您的javasrcipt处于可运行状态： 1、打开IE窗口 》 2、点击菜单栏中的“工具” 》 3、选择“Internet”选项 》 4、在“安全”页面中点击 “自定义级别” 》 5、在“重置自定义设置”中，选择“安', 12, 0, 1264270601, 1264270601),
(5, 'QQ校友', 0, 0, 'http://xiaoyou.qq.com', 'QQ校友 校友 qqxiaoyou 初中生 高中生 大学生 同学 QQ校园 QQ校友录', 'QQ校友。加入QQ校友，找到你的老同学，发展新朋友；加入QQ校友，拥有自己班级的全校平台；加入QQ校友，同学、校友、好友，一个都不能少；加入QQ校友，了解同学、好友们的最新动向；加入QQ校友，总能找到你想加入的校园社团', ' 设为首页 加入收藏 | 官方空间 | 官方Q吧 | 腾讯客服 产品建议 登录新用户可使用QQ号码登录并注册 忘记密码 账号申请 加入QQ校友 一个全新的自定义班级互动平台 同学、校友、好友，一个都不能少 了解同学、好友们的最新动向 校园社区，总有你想加入的 为了QQ校友更美好，我们一直在努力 12月01日 搜索好友动态功能上线！查看指定人的动态更方便 11月26日 照片转载放量到全量用户，好友照片共享从此简简单单 11月25日 极速上传一次可传照片数量由100张放大到300张，黄钻用户增至500张 关于腾讯 | About Tencent | 服务条款 | 广告 | 招聘 | 客服 | 举报 Copyright ?1998 - 2010 Tencent Inc. All Rights Reserved 腾讯公司 版权所有 腾讯网络文化经营许可证 ', 7, 0, 1264270603, 1264270603),
(6, '仙域-欲仙欲幻，体验非一般的爱恨情长', 0, 0, 'http://xianyu.game2.com.cn', '', '', ' ', 1, 0, 1264270604, 1264270604),
(7, 'QQ炫舞官网--最浪漫的舞蹈游戏', 0, 0, 'http://x5.qq.com', '', '', ' QQ炫舞 家人有约 图片载入中... 进入官网 最新客户端下载 版本：1.5.8 大小： 2.69GB 发布时间：2010-01-19 高速下载器 BT下载 旋风下载 最新客户端下载 补丁下载列表 V1.5.8补丁下载 - 适合V1.5.7版本 V1.5.8补丁下载 - 适合V1.5.5版本 V1.5.7补丁下载 - 适合V1.5.6版本 V1.5.7补丁下载 - 适合V1.5.5版本 V1.5.5补丁下载 - 适合V1.5.4版本 V1.5.4补丁下载 - 适合V1.5.3版本 V1.5.0补丁下载 - 适合V1.4.9版本 V1.4.9补丁下载 - 适合V1.4.8版本 V1.4.8补丁下载 - 适合V1.4.7版本 V1.4.7补丁下载 - 适合V1.4.6版本 V1.4.6补丁下载 - 适合V1.4.5版本 V1.4.5补丁下载 - 适合V1.4.4版本 V1.4.4补丁下载 - 适合V1.4.3版本 V1.4.3补丁下载 - 适合V1.4.2版本 V1.4.2补丁下载 - 适合V1.4.1版本 版本：1.5.8(适合1.5.5) 大小：127MB 高速下载器 BT下载 旋风下载 版本：1.5.8(适合1.5.7) 大小：7.02MB 高速下载器 BT下载 旋风下载 舞团活动平台 点亮升级图标 炫舞百科全书', 12, 0, 1264270605, 1264270605),
(8, '中关村在线 - 大中华区最具商业价值的IT专业网站 - The most valuable and professional IT business website in Greater  China', 0, 0, 'http://www.zol.com.cn', '中关村在线 中关村 电脑报价 新闻 行情 导购 装机 攒机 评测 新品 软件 下载 产品 报价 经销商 二手 数码 手机 数码相机 数码摄像机 DC DV MP3 MP4 论坛 硬件论坛', '中国领先的IT信息与商务门户, 包括新闻, 商城, 硬件, 下载, 游戏, 手机, 评测等40个大型频道，每天发布大量各类产品促销信息及文章专题，是IT行业的厂商, 经销商, IT产品, 解决方案的提供场所', ' 把ZOL加入收藏夹 | 400-678-0068 | CBSi 个人消费站群 ZOL中关村在线 PChome电脑之家 西域IT 蜂鸟网 万维家电网 三秦IT 登录 | 注册 手机论坛 | 笔记本论坛 摄影论坛 | 硬件论坛 游戏论坛 | 软件论坛 GPS论坛 | 技术开发论坛 产品论坛 论坛 博客 新闻 评测 专题 访谈 调研 下载 游戏 3G 高清 视频 特价本本 科技时尚 中关村商城 数码频道 手机 笔记本 上网本 台式机 一体电脑 台式机 数码相机 摄像机 数码相机 移动存储 MP3 MP4 电子书 MP3 GPS 办公/商用 商用 /办公 打印机 投影机 家电 电视 家庭影院 家电 汽车 DIY 硬件 CPU ┆主板 ┆显卡 ┆内存硬盘 ┆显示器 ┆机电 /散热 ┆光驱 ┆音箱 /耳机 ┆键鼠 /摄像头 企业商用 服务器 | 网络设备 | 安全安防 信息化 | 企业存储 | 工作站 白皮书 | 技术论坛 企业商用 信息化 ┆服务器 ┆网络 ┆安全 买电脑查报价，就上ZOL 产品报价 每日更新 经销商 · 二手 IT商家黄页 模拟攒机 超人气线上攒机 产品大全 最全I', 221, 0, 1264270608, 1264270608),
(9, '珍爱网 - 成功率最高的白领征婚网站。婚介交友婚恋红娘网', 0, 0, 'http://www.zhenai.com', '', '', ' 珍爱成功会员：迷路的云 和 幽幽查看他们的珍爱故事&gt;&gt; 寻找伴侣，如此简单… 我要找： 男士 女士 有照片 年 龄： ～ 地 区： 2000 4 200 珍爱网简介 珍爱网是中国唯一完全以征婚服务为核心的专业人工红娘网站，首创红娘+网络的高效婚配服务模式, 全程精心主动地为会员提供完善的征婚服务。 服务规模 珍爱网创始于1998年，最早提供纯人工征婚服务， 公司的红娘总人数超过500人， 为优质服务提供了有力保证。 红娘素质 珍爱红娘均经过专业心理学培训，结合十二年的征婚服务经验，给您提供用心细致，专业个性化的红娘服务，以促成征婚者尽快找到心仪对象。 安全诚信 通过身份认证系统并结合人工验证等多种手段， 珍爱红娘服务将使征婚者获得安全、真实、诚信的交往对象信息。 成功故事 燕子 ccll7 结婚纪念日：2009-05-16 东城西就 茜茜 结婚纪念日：2009-08-08 思念永恒 雨天 结婚纪念日：2009-10-01 叶叶 哈哈缘 订婚纪念日：2009-07-20 About Us | 关于我们 |', 16, 0, 1264270610, 1264270610),
(10, '中彩网首页_中国福利彩票发行管理中心唯一指定网络信息发布媒体 全球最大的中文福利彩票网站 中国福彩 福利彩票 双色球 福彩3D', 0, 0, 'http://www.zhcw.com', '彩票 福利彩票 彩票网 双色球 福彩 福彩3D 投注站 风采 3D 中奖 彩民 公告 七乐彩 代购 合买 公益 刮刮乐 开奖 走势图 投注 中彩网', '中国福利彩票发行管理中心唯一指定网站,全球最大的中文福利彩票网站,中奖公告、官方最新资讯发布,提供专业权威的彩票网上代购、合买平台,独家彩票开奖视频直播', ' 设为首页 收藏本站 中国福利彩票发行管理中心唯一指定网络信息发布媒体 首 页 双色球 3 D 七乐彩 刮刮乐 开奖直播 统计图 中彩论坛 新 闻 公 益 政 策 国 际 站主之家 彩票收藏 彩票315 短信服务 枣庄刮刮乐大世界开业 销售员赠送礼物 湖北福彩销售再创历史新高达31.88亿元 福建福彩表彰09年度优秀管理员及站点 天津站点喜出双色球883万一等奖 1 2 3 4 重要公告 关于&quot;双色球&quot;&quot;七乐彩&quot;开奖直播时间调整的通知 财政部发布公告：2010年彩票市场春节休市七天 &quot;60种珍稀彩票推选&quot;大众投票结束 票数破41万 G3创新大赛结果出炉 彩票万事通荣获三等奖 更多 赈灾彩票 厦门福彩刮刮乐上半年募集赈灾公益金1223万元 天津市福彩举办赈灾彩票周日卖场活动再获成功 内蒙古福彩开展纪念“5.12” 地震一周年活动 湖北省福彩中心启动“赈灾彩票”义卖义捐活动 纪念抗震救灾1周年 内蒙刮刮乐公益赈灾募集中 双色球七周岁特别活动——生日祝福火热征集 [双色球新年已诞15个千万富', 53, 0, 1264270612, 1264270612),
(11, '招聘 求职 智联招聘首页', 0, 0, 'http://www.zhaopin.com', '招聘 人才 网络招聘 简历 工作 找工作 求职 面试 应聘 跳槽 高薪 兼职 猎头 薪酬 薪资 培训 测评 人事 实习', '智联招聘为求职者提供职位搜索,简历管理,职位定制,人才评测,培训信息等.为企业提供一站式专业人力资源服务,包括网络招聘,报纸招聘,校园招聘,猎头服务,招聘外包,企业培训以及人才测评等.', ' 首 页 简历中心 职位搜索 求职指导 校园招聘 个人测评 行业求职 猎头职位 职场英语 English 企业服务 急聘VIP 薪酬报告 智联易聘 智联i聘 企业测评 个人会员登录 用户名 密 码 新用户注册 忘记密码 帮助 找工作 地图搜索 选择职位类别 销售业务 销售管理 销售支持 市场/市场拓展/公关 商务/采购/贸易 计算机软、硬件/互联网/IT 建筑/房地产/装修/物业 金融/银行/证券/投资 汽车 生产/加工/制造 交通/仓储/物流 零售业 医疗/护理/保健/美容 生物/制药/医疗器械 人力资源 客户服务/技术支持 行政/后勤 通信技术 教育/培训 化工 广告 服装/纺织/皮革 财会/审计/统计 编辑/文案/传媒/影视/新闻 电子/半导体/仪表仪器 法律 翻译（口译与笔译） 高级管理 工程机械 环境科学/环保 咨询/顾问 质控/安检 酒店/餐饮/旅游/娱乐 美术/设计/创意 能源/矿产/地质勘查 学术/科研 保险 公务员 技工 在校学生 农/林/牧/渔业 普通劳动力/家政服务 兼职/临时/培训生/储备干部 其他', 156, 0, 1264270615, 1264270615),
(12, '联合早报网 zaobao.com', 0, 0, 'http://www.zaobao.com', '', '', ' [中国早点] 小吃力量大 [谷歌事件] 奥巴马要求北京解释 [人物面对面] 杨荣文：互联网时代领导人须更民主 反驳希拉里 中国批美国指责违背事实 就谷歌事件，中国外交部强调，对希拉里“违背事实、损害中美关系的言行，我们坚决反对”。 台民众对马英九评价 跌至八八水灾后水平 台湾：不正常社会的不正常现象？ 西蒙·约翰逊：将他们撤换 即时报道： [即时总览] (1800) [港澳] 香港政府推广海葬 提供免费撒骨灰船 (1745) [国际] 小泉纯一郎：鸠山与小泽应马上辞职 (1735) [国际] 美国纽约州一奶农杀死全部乳牛后自杀 (1720) [国际] 美国退役军官被控出售机密 判囚3年 新闻 News 中国新闻 [阅读全天中国新闻] 国际新闻 [阅读全天国际新闻] 北京新地王 成交价59.7亿人民币 港两党吁&quot;全民起义&quot; &quot;五区公投&quot;争议大 奥巴马要求北京解释 广东省政协委员：广东房价高企 造成人才流失 接替陈聪明 曾勇夫代理台检察总长 复旦拟征集曹姓男性DNA 以鉴别曹操墓真伪 暴风雨袭击', 95, 0, 1264270618, 1264270618),
(13, '优酷网-中国第一视频网站,提供视频播放,视频发布,视频搜索', 0, 0, 'http://www.youku.com', '视频 视频分享 视频搜索 视频播放', '视频服务平台,提供视频播放,视频发布,视频搜索,视频分享', ' 首页 剧场 视频 空间 看吧 资讯 体育 汽车 科技 娱乐 原创 电视剧 电影 音乐 游戏 动漫 生活new 时尚 旅游 母婴 搞笑new 视频 v 视频 专辑 看吧 空间 搜索 搜贴子 按作者搜 阿凡达 纪晓岚4 牛人盛典 生死线 | 热播剧集 |排行榜 高级搜索 [登录 ] [注册 ] 点播单 上传视频 | 帮助 绝对牛人狂欢！优酷牛人盛典全程回顾 如无法正常观看，请检查是否开启了Java Script。 如何开启？ 播放 :673,559 评论 :408 优酷网 上传 优酷牛人年度盛典全程回顾，音乐、体育、时尚、绝活等各行业牛人，看谁更牛！ 视频详情&gt;&gt; 深度阅读: 牛人盛典 &quot; [资讯] 音乐牛人：任烨钢琴弹唱青丝结 &quot; [资讯] 绝活牛人：7岁架子鼓high翻全场 &quot; [资讯] 舞蹈牛人：3岁小宝模仿杰克逊 加入点播单连播 今日热点视频 1月23日，“世界都在看2009优酷牛人年度盛典”在上海举行，一场... 优酷网 周立波现场爆笑脱口秀 411,938 893 1月23日，“世界都在看2009优酷牛人年度盛典”在上海举行，一场... ', 142, 0, 1264270621, 1264270621),
(14, '言情小说，原创小说，潇湘书院－专业女性小说网站', 0, 0, 'http://www.xxsy.net', '', '', ' 穿越时空 ｜架空历史 ｜现代都市 ｜青春校园 ｜耽美同人 ｜玄幻言情 ｜综合其他 ｜港台言情小说 ｜如何上传作品？ 游戏大厅 ｜ＶＩＰ充值 ｜作者注册 ｜作者登录 ｜会员注册 ｜会员中心 ｜作者签约 ｜作家专区 ｜ＶＩＰ小说 ｜5折特价完结Ｖ书 ｜完结小说 ｜排行榜 强力推荐 奴霸 菡萏乱 帝王爱 王爷是功 夫君不乖 劝君莫离 再见前妻 王妃弃夫 血舞曼沙 王的爱妾 总裁的叛爱 主人是妖精 魔君的懒妃 情倾绝世妖姬 犯上无赖总裁 阴佞少爷的禁爱 邪恶总裁的应征情人 娘子,你能不能只爱我？ A级签约小说展示 会员登录： 密码： 占妾囚妻 掬一滴她的泪于指尖，伸出如火的舌尖，轻舔一口，那惑人的邪恶举动，让他身下的她... 绝代冷情王 此文为女尊文呵呵没有想到这么狗血的剧情居然会发生在我的身上！！老公和朋友一同... 狂魔宠女 “水儿乖！水儿会很乖！爹地不要吃我！不要吃我啊呜呜我不要当点心呜呜爹的不要吃... 云倾天阙 狼烟，马蹄，刀刃倒卷血染，黄沙，风', 59, 0, 1264270623, 1264270623),
(15, '迅雷看看——中国最高清的影视视频门户，正版发行平台', 0, 0, 'http://www.xunlei.com', '高清 点播 八卦 影讯 明星 正版 整合搜索', '最好的高清观看体验、最全的影视娱乐资讯内容、最有影响力的用户参与、最便捷的下载入口。', ' y 登录 | 注册 | 客服论坛 首页 电影 电视剧 综艺 动漫 漫画 娱乐 720P高清 热播榜 大片 新片 每日更新 首播 凤凰专区 更多 狗狗搜索 所有影片类型 热搜: 孔子 |神话 |锦衣卫 |苏乞儿3D 会员 游戏 网游 狗狗 充值 汽车 股票 财经 电影 动作 喜剧 爱情 科幻 恐怖 记录 罪案 战争 动画 剧情 冒险 惊险 历史 西部 黑色 悬念 幻想 音乐 歌舞 家庭 720P 高清版 DVD版 中外大片 电视剧 内地 韩剧 美剧 港剧 台剧 偶像 言情 都市 剧情 喜剧 武侠 古装 战争 历史 军事 纪实 警匪 悬疑 科幻 伦理 荧屏热播 独家首播 人气韩剧 科幻美剧 综艺 内地 香港 台湾 韩国 美国 英国 娱乐 选秀 访谈 脱口秀 情感 游戏 科教 歌舞 凤凰专区 天天向上 快乐大本营 动漫 热血 机战 运动 美女 推理 冒险 耽美 搞笑 恋爱 战争 神魔 吸血 忍者 竞技 悬疑 社会 LOLI 宠物 火影忍者 海贼王 死神 名侦探柯南 迅雷5： 5.9.15.1274 2010.01.18 在线安装 | 本地下载 | 迅雷看看播放器3.3.1.310 ', 213, 0, 1264270627, 1264270627),
(16, '言情小说吧 - (清晰)免费言情小说在线阅读和言情小说下载（都市言情小说、穿越小说、古代言情小说）', 0, 0, 'http://www.xs8.cn', '', '', ' 言情小说 原创排行榜 原创小说吧 唐诗宋词 明清小说 小说吧论坛 小说吧家园 游戏吧 帮助中心 手机站 通行证 我的小说吧 言情小说首页 最新言情小说 言情小说排行榜 独家完本 独家小说 作家中心 充值中心 游戏 家园 小说论坛 排行榜: 点击 ： 总榜 －月榜 －周榜 推荐 ： 总榜 －月榜 －周榜 收藏榜 新书榜 热门小说榜 作家 ： 月榜 －周榜 －作品榜 －更新榜 下载 ： 总榜 －月榜 －周榜 完结小说 ┊ 红袖言情小说 ┊ 现代言情 ┊ 古代言情 ┊ 穿越架空 ┊ 耽美同人 ┊ 青春校园 ┊ 奇幻仙侠 ┊ 悬疑恐怖 ┊ 职场励志 ┊ 科幻网游 ┊ 言情小本 随便看看? 我看过的书 我要小说币 欢迎您的到来，请登录 或注册 哇！繁體版 更多 总点击榜 本站强推 总下载榜 作家排行 封面推荐 推荐排行 书籍搜索 按书名 按作者 按情节 按系列 按男主角 按女主角 按星级(数字) 高级搜索 新版搜索(测试) 言情作家群(圈) 领养宠物 独家言情小说 更多&gt;&gt; 成为小说吧作者，月稿费上万元', 69, 0, 1264270630, 1264270630),
(17, '新华网_传播中国 报道世界', 0, 0, 'http://www.xinhuanet.com', '新闻中心 时政 人事任免 国际 地方 香港 台湾 澳门 华人 军事 图片 财经 政权 股票 房产 汽车 体育 奥运 法治 廉政 社会 科技 互联网 教育 文娱 电视剧 电影 视频 访谈 直播 专题', '', ' 繁体中文 | 中国政府网 中国文明网 中国平安网 中华新闻传媒网 振兴东北网 时政 国际 评论 地方 法治 高层 军事 视点 台湾 社会 人事 华人 世博 港澳 廉政 金融 生活 房产 美食 汽车 旅游 论坛 博客 播客 视频 T V 直播 图片 数码 访谈 音乐 ＩＴ 传媒 体育 文娱 女性 科技 教育 读书 校园 职场 副刊 收藏 书画 健康 天气 资料 专题 地方 频道 北京 天津 河北 山西 辽宁 吉林 上海 江苏 浙江 安徽 福建 江西 山东 河南 湖北 湖南 广东 广西 新华 报刊 每日电讯 经参 瞭望 环球 海南 重庆 四川 贵州 云南 西藏 陕西 甘肃 青海 宁夏 新疆 内蒙古 黑龙江 兵团 无锡 长三角 联播&gt;&gt; 半月谈 中证报 更多 &gt;&gt; 设为首页 | 邮箱 | 发展论坛 网页 新闻 图片 视频 社区 新华社在线 ： 新闻信息服务 |数据库 |新闻热线 |纠错热线 | 中部崛起网 http://www.news.cn/cover20100123f 时政 | 文娱 | 体育 | 时尚 | 国际 | 科教 天气 | 航空 | 邮编 | 车市 | 数码 | 旅游 新华社', 178, 0, 1264270633, 1264270633),
(18, '爱卡汽车网_全球领先的汽车主题社区、汽车资讯、汽车论坛中心', 0, 0, 'http://www.xcar.com.cn', '汽车 爱卡汽车网 汽车网 汽车报价 汽车图片 汽车社区 车友会 汽车论坛 汽车俱乐部 xcar', '爱卡汽车网为您提供最新汽车报价、汽车图片、车型资料、汽车论坛、汽车新闻资讯信息，XCAR-爱卡汽车网是全球最大的汽车主题社区，其中包括85个主流品牌车型俱乐部，国内32个省市和地区分会，36多个个性化讨论区', ' Content on this page requires a newer version of Adobe Flash Player. xcar.com.cn 爱卡论坛导航 爱卡汽车网 返回首页 新闻 新车 点评 视频 新闻 车展 专题 购车 试驾 说真的 车型库 汽车报价 汽车图片 选车 二手车 经销商 车型对比 汽车用品 互动 社区 热帖 投票 自驾游 搜索 活动 排行 会员服务 各地车市： 北京 |上海 |广州 |福建 |湖北 |河北 |河南 |辽宁 |陕西 |云南 |浙江 微型车 小型车 紧凑型车 中型车 中大型车 豪华车 SUV MPV 跑车 5万以下 5-10万 10-15万 15-20万 20-25万 25-35万 35-50万 50-70万 70-100万 100-200万 200万以上 全部 热门推荐 10万以下 10-15万 15-20万 20-25万 25-30万 30-60万 60万以上 即将上市 新赛欧 报价 图片 论坛 奇瑞A3 报价 图片 论坛 新奥拓 报价 图片 论坛 雨燕 报价 图片 论坛 骊威 报价 图片 论坛 新嘉年华 报价 图片 论坛 风云2 报价 图片 论坛 比亚迪F3 报价 图片 论坛 风神S30 报价 图片 论坛 丘比特 报价 图', 246, 0, 1264270637, 1264270637),
(19, '中国天气网-专业天气预报、气象服务门户', 0, 0, 'http://www.weather.com.cn', '天气 天气预报 北京天气 天气在线 气候 气象', '中国天气网为您提供实时全国天气气象信息,及时发布天气预报、灾害预警、气象云图、旅游天气、台风、暴雨雪等气象信息，为我国的生产生活提供全面精确的气象服务', ' 今天是2010年1月24日 星期日 十二月初十 欢迎您的到来! 设为首页 加入收藏 English Version 天气预报 北京 上海 杭州 武汉 南京 济南 深圳 北京 天津 上海 河北 河南 安徽 浙江 重庆 福建 甘肃 广东 广西 贵州 云南 内蒙古 江西 湖北 四川 宁夏 青海 山东 陕西 山西 新疆 西藏 香港 台湾 澳门 海南 湖南 江苏 黑龙江 吉林 辽宁 更多 首页 灾害预警 天气预报 现在天气 气候变化 天气资讯 生活天气 旅游天气 天气视频 服务产品 气象科普 中国气象频道 天气社区 天气插件 气象卫星 | 天气雷达 | 台风 | 暴雨 | 干旱 | 雷电 | 高温 | 气象知识库 | 掌中天气 | 预警信息共享 | 关于我们 [src:&quot;http://i.weather.com.cn/i/c/images/20100123/thumb/20100123102310275_m.jpg&quot;,title:&quot;新疆积雪厚野生动物觅食困难&quot;,link:&quot;/static/html/article/20100123/184721.shtml&quot;],[src:&quot;http://i.weather.com.cn/i/c/images/20100123/thumb/20100123101306257_m.jpg&quot;,title:&quot;广西', 74, 0, 1264270639, 1264270639),
(20, '魔兽世界中文官方网站', 0, 0, 'http://www.warcraftchina.com', '魔兽世界 燃烧的远征 WOW过渡官方指引', '魔兽世界', '? 魔兽世界 燃烧的远征 WOW过渡官方指引 在重新回到《魔兽世界》前，您需要先注册战网通行证 ，并将原《魔兽世界》账号绑定到战网通行证。 开始绑定账号 什么是战网通行证 怎样绑定账号 为了您的账号安全，建议您在注册战网通行证并绑定账号后立即选用最新密保产品。 现已开放《魔兽世界》3.1.3客户端下载。请至客户端下载页面 下载升级补丁 或完整客户端 。 联系方法 - 招聘信息 - 网站地图 魔兽世界最终用户许可协议 - 魔兽世界使用条款 ?009 上海网之易网络科技发展有限公司 版权所有?009 暴雪娱乐股份有限公司 版权所有 文网进字[2009]6号 文网文[2008]164号 增值电信业务经营许可证编号：沪B2-20080012 文化部网络游戏举报与联系邮箱：wlwh@vip.sina.com 《互联网文化管理暂行规定》 ? ', 7, 0, 1264270640, 1264270640),
(21, '优玩网 - 享受游戏，快乐无忧', 0, 0, 'http://www.uwan.com', '', '优玩网( www.uwan.com)，专注于网页游戏的研发和运营，为游戏玩家提供网页游戏与社区服务，旗下拥有中国第一模拟经营网页游戏《商业大亨OL》，养成类网页游戏大作《超级明星OL》。', '? 登录 | 注册 帮助中心 收藏网站 全免费 无下载 每天超过 50000 名玩家加入 首页 游戏中心 用户中心 充值中心 客服中心 游戏论坛 游戏推荐 优玩网旗下网页游戏：商业大亨 超级明星 游戏: 商业大亨Online 类型: 模拟经营 介绍: 《商业大亨ONLINE》是款商业类模拟经营网页游戏。玩家将扮演一位创业者，从零开始，在自由城中拼搏。通过努力，不断的扩大自己的事业版图与社会地位... 注册账号 进入官网 进入论坛 游戏: 超级明星Online 类型: 明星养成 介绍: 是一款大型在线养成类网页游戏。以娱乐圈为背景，玩家饰演一名明星经纪人，带领着旗下的艺人，建立自己的娱乐王国，主宰潮流的领航者。 注册账号 进入官网 进入论坛 游戏截图 玩家照片 更多&gt;&gt; 合成系统 油田系统 旅游区 城市地图 布布紫色 玫瑰花 晓晓 豆儿 充值中心 支付宝充值 财付通充值 网银充值 骏网卡充值 神州行卡充值 征途卡充值 盛大卡充值 帮助中心 找回密码 修改密码 注册通行证 FAQ在线帮助中', 26, 0, 1264270642, 1264270642),
(22, '网络电视|UUSee高清影视视频网络电视平台-悠视网', 0, 0, 'http://www.uusee.com', '网络电视 uusee 悠视', 'UUSee免费网络电视,高清画面享受，流畅的视觉体验，最新最炫的影视娱乐内容，便捷的下载入口-悠视网', '? 首页 视频 电 影 电视剧 动 漫 娱 乐 体 育 V鏡Z 自 拍 搞 笑 美 女 音 乐 科 教 社 会 游 戏 专 题 直播 最近看的 中 央 台 地 方 台 悠视特色 观看最多 体 育 台 电 视 剧 北 京 台 广场 U客 注册 | 登录 | UUSee网络电视 | 游戏中心 视频 会员 日志 视频 爱情喜剧片:姐弟恋 命中注定我爱你 《孔子》首映礼 3D电影大展播 校花联播 性感女神凯瑟琳·泽塔琼斯迷倒小男生《姐弟恋》 一个单身妈妈迷倒比她小很多的邻居,各方面的差异使这段感情看起来阻碍重重…… 灰姑娘和王子之间的童话爱情《命中注定我爱你》 这个都市有一段「贴来贴去」的爱情故事,就从「便利贴女孩」说起…… 《孔子》昨日首映礼 周润发当众偷吻周迅恶搞 发哥突然亲吻周迅并迅速弹开，面对发哥的热情举动，周迅略显害羞。 全球首款能看3D的网络电视隆重推出 悠视网邀请你用UUSee网络电视看电影，即有机会得到高品质3D电影专用眼镜。 施展你的才华,展现你的风采 立即登陆mm.uusee.com,点击', 49, 0, 1264270644, 1264270644),
(23, '土豆网_每个人都是生活的导演_在线视频观看,原创视频上传,海量视频搜索', 0, 0, 'http://www.tudou.com', '土豆网 播客 视频 视频下载 视频搜索 电影视频 电视剧视频 综艺视频 游戏视频 舞蹈视频 在线视频免费视频 自拍 视频教学 网络视频 搞笑视频 视频短片', '土豆网是你会喜欢的个人视频网站，免费无限空间，上传你的视频，观看和搜索海量视频节目，收藏你喜欢的视频，订阅你关注的播客，简单方便地分享给你的朋友们。土豆热爱原创，每个人都是生活的导演，戴上土豆面具，每个人都是明星。', ' 土豆网_每个人都是生活的导演_在线视频观看,原创视频上传,海量视频搜索 跳过导航 土豆网 视频 豆单 播客 网页 便利豆单(0 ) 我看过的 土豆软件 上传视频 注册 登录 我的 我的主页 我的视频 我的豆单 我的订阅 我的豆花 我的好友 我的标签 我的相册 我的日志 首页 视频 豆单 专区 豆丸 黑豆 社区 标签 小组 相册 热点 影视 播客 娱乐 动画 音乐 体育 汽车 财富 女性 游戏 乐活 科技 教育 new 今日焦点视频 海地钟荐勤烈士生前自拍感人视频 孩子出生前2个月,钟荐勤就赶赴海地执行任务,在孩子出生6个月后,其在海地总统府前自拍下这段视频送给宝宝,他期待着4个月后回国见到孩子. 有意思的是，演出方察觉到有稽查人员在现场搜证后，当天的演出再没有出现假唱情况，个别歌手在真唱的状态下，连续出现失音、走调。 19日晚，江苏32岁的司机李罗斌醉酒驾车，刮倒一辆载有两人的自行车后，又一头撞飞了人行道上的4名高一学生，造成两死三伤。 一部为玩家说出心声的64分钟', 94, 0, 1264270646, 1264270646),
(24, '逛街网-全球品牌服装服饰直营!', 0, 0, 'http://www.togj.com', '逛街网 品牌服装服饰 进口时装 冬季女装 冬季男装', '服装行业门户网站,主流服装媒体,国内规模最大的服装网上商城,运动,Kappa,李宁,lining,耐克,nike,韩国进口服装,日本进口服装,品牌男装女装童装运动户外服装在线销售,提供最全面时尚服装资讯,国内街头真人秀最强音', ' 逛街网 登录 |注册 |购物车 |我的帐户 |帮助中心 |加入收藏 逛街网免费订购电话: 4007002525 逛街网 女装 男装 运动 化妆品 饰品 母婴 鞋 包 中国商品 日本商品 韩国商品 法国商品 热点关键词 轻熟女风 魅力OL 必备打底裤 韩国风尚 性感内衣 百元封顶 圣诞专场 冬日精选 新年派对必备 应季女装 特价折扣区 东京公主装 送保暖帽 熟女奢华装 上衣 大衣风衣 毛衣/针织衫 夹克/外套 打底衫 内衣 T恤 罩衫 帽衫/卫衣 衬衫 西服 裤子 牛仔裤 休闲裤 打底裤 正装裤 情侣装 裙子 热点关键词 潮男必备 街头型男 学院派 商务精英 欧美绅士 有型有款 最新上架 御寒必备 上衣 T恤 大衣/风衣 针织衫 马甲 帽衫 衬衫 西服 夹克 polo衫 裤子 休闲裤 牛仔裤 内衣 热点关键词 Kappa买就送 李宁 NIKE 冬装 特惠 跑步 男士运动装 卫衣 风衣棉服 夹克 针织衫 POLO衫 女士运动装 卫衣 风衣棉服 夹克 针织衫 男式运动鞋 跑步鞋 板鞋 篮球鞋 休闲鞋 训练鞋 硫化鞋 女士运动鞋 板鞋 休', 72, 0, 1264270648, 1264270648),
(25, '天空游戏通行证', 0, 0, 'http://www.tktang.com', '天空游戏通行证', '', ' 登录 | 注册 | 乐土 | 坦克大战 注册通行证 找回密码 ·天空游戏通行证，是您畅游天空游戏旗下各类产品的金钥匙。您将享受到天空游戏为您提供的最诚挚的服务。 ·注册天空游戏通行证，就同时拥有了天空游戏旗下所有游戏的账户，可以免费享受天空游戏旗下的所有游戏。 ·拥有天空游戏通行证，您即可方便的在线激活游戏并为游戏充值。今后您还可以通过通行证参与我们的多种活动。 乐土 letu@tkgame.com 客服论坛 坦克大战 tank@tkgame.com 客服论坛 客服电话 86-010-62968943 难以抗拒 MM最想要的Q版网游 年度最佳RPG类游戏，无需下载、完全免费。游戏中不仅包含宠物、公会、副本、技能、信仰、拍卖、打造、竞技等数十项丰富内容，还拥有公会建设、专属领地等创新内容。如今更推出突破传统网页游戏界限的双登陆模式，网页、客户端自由切换，带给你独一无二的双重享受！ 经典再现 FC坦克大战改编网游 经典FC坦克大战改编的全民休闲对战网游，支持数万人同时在线。', 14, 0, 1264270649, 1264270649),
(26, '军事-中国军事-军事新闻-铁血网 - 原创第一军事门户', 0, 0, 'http://www.tiexue.net', '', '', ' 传播复兴中华的理念 强国话题的原创交流平台 军事 社区 读书 图片 警察 游戏 军品商城 热血文明 军事 | 海军 | 尖端 | 警察 | 中国史 | 二战 | 社会 | 情感 | 游戏 | 体育 | 娱乐 | 幽默 | 社会图 | 休闲图 | 原创图 | 出国留学 | 精华 | 法律咨询 | 中越战争 陆军 | 空军 | 军品 | 历史 | 世界史 | 环球 | 职场 | 汽车 | 国货 | 影视 | 军人之家 | 历史图 |丽影图 |海外图 | 旅游论坛 | 遨游 | 铁血网游 | 外军网站 今日聚焦 经典回顾 美:中国至少有4款导弹可携核弹头 ·印海军称09年中国核潜艇领海外巡逻16次 ·中国舰艇编队访南美三国 途中遭严密监视 ·美国防长:愿与中国举行&quot;冷战式&quot;裁军谈判 ·印度承诺 帮助孟加拉国升级空军制衡中国 ·也门向中国求援 战争威胁中国石油生命线 ·金一南:北斗加紧发射 与伽利略抢夺频率 ·曝瓦良格修复内幕:不是不修而是技术不够 ·央视画面:中国海军054A新护内部很是宽敞 ·歼十2010年后入国际市场 价格为F16一半 ·解放', 303, 0, 1264270653, 1264270653),
(27, '天涯社区_全球华人网上家园', 0, 0, 'http://www.tianya.cn', '天涯 社区 论坛 博客 部落 城市 相册 空间', '天涯社区，以“全球最具影响力的论坛”闻名于世，并提供博客、相册、个人空间等服务。拥有天涯杂谈、娱乐八卦、情感天地等超人气栏目，以及关天茶舍、煮酒论史等高端人文论坛。这里诞生了最热的网络事件，最多的草根明星……', ' 来天涯，与 位天涯人共同演绎你的网络人生 目前在线： 用户名 密码 自动登录 为了确保你的信息安全，请不要在网吧或者公共机房选择此项！如果今后要取消此选项，只需点击网站顶部的 “退出”链接即可。 浏览进入 用户名 密码 正在自动登录... ', 10, 0, 1264270655, 1264270655),
(28, '淘宝网 - 淘！我喜欢', 0, 0, 'http://www.taobao.com', '淘宝 掏宝 网上购物 C2C 在线交易 交易市场 网上交易 交易市场 网上买 网上卖 购物网站 团购 网上贸易 安全购物 电子商务 放心买 供应 买卖信息 网店 一口价 拍卖 网上开店 网络购物 打折 免费开店 网购 频道 店铺', '淘宝网 - 亚洲最大、最安全的网上交易平台，提供各类服饰、美容、家居、数码、话费/点卡充值… 2亿优质特价商品，同时提供担保交易(先收货后付款)、先行赔付、假一赔三、七天无理由退换货、数码免费维修等安全交易保障服务，让你全面安心享受网上购物乐趣！', ' 淘宝网 我的淘宝 已买到的宝贝 已卖出的宝贝 发货管理 购物车 收藏夹 社区 帮助 帮助中心 交易安全 淘宝搜索 宝贝 淘宝商城 店铺 拍卖 全球购 打听 输入您想搜索的宝贝 搜 索 高级搜索 使用帮助 新首页反馈 淘宝商城 淘宝电器城 淘资讯 高清影院 机票酒店 彩票 淘江湖 试衣间 网游 看图购 手机淘宝 更多 淘宝商城至IN热点 1 品牌优质新潮男装 2 淘友最爱保湿美白面霜 3 过年客厅摆设风水热荐 4 品牌液晶电视新年贺礼 5 nike正品 5折起 6 个性中长款毛衣 品牌之选 两件包邮 买即送围巾 满就送 全场4折起 九阳米糊豆浆机 479.00 268.00 飞利浦(8G)MP4 1327.00 975.00 诺基亚N86手机 4399.00 2900.00 创维37寸液晶电视 3899.00 3389.00 热门活动： 数码电脑年终特价回馈开始啦！ 品牌手机、mp3百元特惠限量抢！ 新春家电，劲爆好礼！温馨过暖冬！ 淘宝电器城卖家火热招募中！邀请您加入！ 女人 男人 服饰 美容 居家 亲子 数码 热点 娱乐 时尚 抢疯 24款新春韩版潮', 198, 0, 1264270658, 1264270658),
(29, '', 0, 0, 'http://www.taikang.com', '', '', '? ', 1, 0, 1264270659, 1264270659),
(30, '证券之星-中国金融证券门户-股票-基金-股吧-行情-数据-外汇-期货', 0, 0, 'http://www.stockstar.com', '股票 实时行情 上市公司 大盘 上证指数 基金净值 股吧 股评 荐股 博客 炒股软件 手机炒股 汇率 外汇 黄金 债券 期货', '证券之星：“资讯创造价值”--中国资深金融证券门户网站，提供全方位信息服务:免费高速实时行情，最新权威财经资讯，电脑、手机、电视等专业多样行情分析软件、投资工具，股票、基金投资者交流天地。', ' 用户名： 密码： 我的证券之星 | 邮件订阅 | RSS订阅 | 设为首页 | 加入收藏 股票 行情 数据 研报 股评 港股 新股 创业板 理财 基金 债券 银行 外汇 黄金 期指 期货 财经 国内 国际 观点 专题 互动 股吧 博客 面对面 赶牛 特色 学堂 调查 风向标 荐股榜 战上海 商城 短信 下载 大赛 支付 手机版 内参高端版本下载 重要机构情报下载 破解机构操作手法 六大产品获殊荣！ 主力动向一目了然 25元做花旗股东 市场最新热点追击 天玑星—卧底主力 手机炒股 上证指数 3128.59 ▼-0.96% 深证成指 12595.93 ▼-2.49% 战上海指数 4220.54 ▼-0.76% 恒生指数 20726.18 ▼-0.65% 道琼斯 10172.98 ▼-2.09% 纳斯达克 2205.29 ▼-2.67% 标普500 1091.76 ▼-2.21% 日经指数 10590.55 ▼-2.56% 行情 资讯 股吧 滚动新闻 ： 辽通化工：受益乙烯装置投产 利润或翻 中联重科：定向增发背后 全面升级 一亿元试点只为治“黄牛”？ 彭文生：2010中国GDP将增长9. ·战上海服务计划 财经', 189, 0, 1264270662, 1264270662),
(31, '', 0, 0, 'http://www.soufun.com', '', '', '', 0, 0, 1264270664, 1264270664),
(32, '搜狐-中国最大的门户网站', 0, 0, 'http://www.sohu.com', '', '', ' [ 设搜狐为首页 ] 搜狐 | ChinaRen | 焦点房地产 | 17173 | 搜狗 搜狐 短信 彩信 彩铃 铃声 炫图 天龙 鹿鼎记 邮件 视频 播客 白社会 博客 圈子 校友录 BBS 说吧 搜狗 导航 地图 游戏 输入法 新闻 评论 我说两句 军事 公益 绿色 体育 NBA 彩票 S 财经 理财 股票 基金 IT 数码 手机 汽车 购车 房产 购房 家居 娱乐 韩娱 V 音乐 天气 男人 女人 新娘 母婴 健康 吃喝 旅游 酒店 高尔夫 文化 读书 原创 教育 商学院 出国 留学 英语 动漫 星座 上海 广东 2010世界名校排行榜 世界名校硕士招生面试 招生 热招 出国 学北外高品质外语 美国硕士抢先申 高考留美10万双录 管理咨询师考试！ 2010海外大学排名 2010抢先留学美加 MBA奖学金申请中 法国奖学金硕士！ 美国奖学金保录取 美国名校9月热招 托福留学得奖学金 瑞士酒店管理学院 工程硕士自主招生 北理工远程春招！ 名校硕士面试会！ 美国留学专场咨询 澳洲十大金领职业 1.23美国名校招生 全新世界大学排名 2010·不', 239, 0, 1264270667, 1264270667),
(33, '天空软件站：提供国内外最新免费软件、共享软件下载！', 0, 0, 'http://www.skycn.com', '软件下载 软件 下载 共享 共享软件 免费 免费软件 汉化 汉化补丁 游戏 游戏下载 软件教程 软件新闻 软件资讯 操作系统 邮件 服务器 压缩 文件管理 组网 局域网 宽带 网络安全 杀毒 杀毒软件 病毒 黑客 病毒档案 音频 视频 数据库 设计 平面设计 网页制作 网页浏览 上传 联络 聊天 动画 网络软件 系统工具 应用软件 联络聊天 图像处理 多媒体 媒体工具 行业管理 游戏娱乐 编程开发 安全 教育教学 网站源码 数码软件 中国共享软件注册中心 注册码 软件注册 注册软件 购买软件 软件购买', '', ' 《天空软件站》WWW.SkyCN.COM （下载，从天空开始！） WWW.SkyCN.COM 首页入口： 主站 电信 网通 本站栏目： 软件商城 软件资讯 装机必备 域名主机 广告联系 | 版权声明 | 下载帮助 | 软件发布 Copyright1998 - 2010 天空软件 All Rights Reserved ', 7, 0, 1264270669, 1264270669),
(34, '名鞋库 正品鞋抄底价 Nike Adidas Converse 李宁 Puma K-swiss运动休闲鞋', 0, 0, 'http://www.skomart.com', 'Nike运动休闲鞋 Adidas运动休闲鞋 Converse运动休闲鞋 PUMA运动休闲鞋 Kappa运动休闲鞋 kiswiss运动休闲鞋 lining运动休闲鞋', '名鞋库skomart.com', ' 加入收藏 亲近名鞋库 购物车 您好来宾！ [请登录] [免费注册] [会员中心] [退出] 男女款 男鞋 女鞋 品牌 NIKE ADIDAS REEBOK 李宁 PUMA KAPPA CONVERSE Merrell Hush Puppies k-swiss 茵宝 Umbro 价格区间 0-100 100-150 150-200 200-300 300-500 500以上 选择功能 板鞋 篮球鞋 跑步鞋 户外鞋 综合训练鞋 休闲运动鞋 足球鞋 硫化鞋 拖鞋 休闲皮鞋 休闲皮凉鞋 休闲皮拖鞋 尺码 尺码 33 34 34.5 35 35.5 36 36.5 37 37.5 38 38.5 39 39.5 40 40.5 41 41.5 42 42.5 43 43.5 44 44.5 45 45.5 46 46.5 47 尺码 33 34 34.5 35 35.5 36 36.5 37 37.5 38 38.5 39 39.5 40 40.5 41 41.5 42 42.5 44 43 订购热线： 400 6618 900 男鞋 板鞋 篮球鞋 跑步鞋 户外鞋 综合训练鞋 休闲运动鞋 拖鞋 硫化鞋 休闲皮鞋 女鞋 板鞋 跑步鞋 户外鞋 硫化鞋 综合训练鞋 休闲运动鞋 皮鞋 童鞋 000-100元 100-150元 150-200元 200-300元 300-500元 500元以上 Flash广告 商务部司长赴名鞋库', 113, 0, 1264270672, 1264270672),
(35, '新浪首页', 0, 0, 'http://www.sina.com.cn', '', '新浪网为全球用户24小时提供全面及时的中文资讯，内容覆盖国内外突发新闻事件、体坛赛事、娱乐时尚、产业资讯、实用信息等，设有新闻、体育、娱乐、财经、科技、房产、汽车等30多个内容频道，同时开设博客、视频、论坛等自由互动交流空间。', ' 登录 登录名 密码 注册通行证 找回密码 客服帮助 企业邮箱 手机新浪网 设为主页 新浪导航 选择去向 免费邮箱 VIP邮箱 2008邮箱 同名邮箱 CN邮箱 空间 博客 播客 相册 论坛 贴吧 会员中心 新闻 军事 社会 财经 股票 基金 科技 手机 数码 体育 NBA 彩票 娱乐 明星 音乐 汽车 购车 车型 博客 微博 草根 视频 播客 大片 房产 地产 家居 读书 教育 健康 女性 星座 育儿 乐库 尚品 宠物 空间 邮箱 热文 论坛 相册 UC 交友 游戏 UT 城市 广东 上海 生活 旅游 商城 短信 彩信 高尔夫 下载 导航 分 类 天气 爱问 音悦汇 公益 世博 热销 打折 旅游 新盘 09中国生态旅游年 祝善忠副局长专访 2010春节游十大城市 2010滑雪总动员 三亚酒店有奖评选 2010国内温泉大搜罗 春节畅游美国更实惠 春节必去的九个地方 冬季热门目的地住宿 千里马和伯乐 新浪草根名博 让草根推举草根 秀出你的不同祝福 潇洒签名艺术人生 创意贺卡个性祝福 精彩生活快来看 我有明星气势签名 新浪对话城', 451, 0, 1264270677, 1264270677),
(36, '蜀门Online官网-2009最新免费神话武侠网络游戏-最好玩的免费网游', 0, 0, 'http://www.shumenol.com', '新蜀门 蜀门online shumenol 仙剑 仙侠 蜀山 小客户端 200MB 低配置 新奇迹 2.8D 天雷 蜀门下载 内测 百花 佛门 仙禽 峨眉 青城 法宝 灵 力 宠物 国产 原创 自主研发 游戏 MMO RPG 热门 免费 流行 极品装备 互动 副本 任务 PK 公会入驻', '《蜀门Online》是2009年最新的以热门小说为背景的免费网络游戏,全球六国免费同步运营,国内地区由上海绿岸网络独家代理!2.8D山水画风网游,下载仅需12分钟,中低配置特效全开!今日全国正式运营,新区新服开启，现在免费注册,上线1级100%多得海量RMB道具+神兽坐骑+珍贵套装”', ' 13125573 V1.82最新蜀门游戏客户端（273M） ——适合所有尚未安装过蜀门游戏的用户 以下下载点，您只需任意下载一个即可 17173>> 迅雷01>> 迅雷02>> 迅雷03>> 官方电信>> 官方网通>> 766>> U9>> 新浪>> 52PK>> 多来米>> V178-182最新完整升级补丁包（30.84MB） （适合12.15日后上过线用户） 迅雷>> 17173>> 官方电信>> 官方网通>> 新浪>> 52PK>> U9>> 多来米>> 更多补丁下载 请点此>> V176—V178最新完整升级补丁包（6.88MB） （适合11.24日后上过线用户） 迅雷>> U9>> 官方电信>> 官方网通>> 360安全卫士 (免费必装) 安全软件 更多推荐 歪歪语音 新浪 UT Game 迅雷下载 网游加速： 迅游(蜀门专版) 上海绿岸网络科技有限公司 版权所有 增值电信业务经营许可证 ICP号：沪B2-20090066网络文化经营许可证 编号：文网文2009[083]号 出版号：ISBN 978-7-900738-59-2沪新出科教（2010）22号 ', 18, 0, 1264270678, 1264270678),
(37, '人人网 人人-登录首页', 0, 0, 'http://www.renren.com', 'Xiaonei Renren 校内 大学 同学 同事 白领 个人主页 博客 相册 群组 社区 交友 聊天 音乐 视频 校园 人人 人人网', '人人网 校内是一个真实的社交网络，联络你和你周围的朋友。 加入人人网校内你可以:联络朋友，了解他们的最新动态；和朋友分享相片、音乐和电影；找到老同学，结识新朋友；用照片和日志记录生活,展示自我。', ' 相册 分享 日志 状态 应用列表 公共主页 人人桌面 人人论坛 同名同姓 人人中学 人人影评 手机人人网 人人注册 请登录人人网 更多 人人网帮助 帐号: 密码: 下次自动登录 找回密码 手机登录 请访问m.renren.com 下载完整版本 情系人人 完整版播放时间： 北京卫视 12:00-13:00 CCTV-1 21:35-22:00 CCTV-8 17:30-24:00 湖南卫视 19:30-22:30 浙江卫视 21:00-24:00 江苏卫视 19:30-21:10 凤凰卫视 20:30-21:00 北京卫视 18:00-23:00 旅游卫视 22:30-23:00 人人网，中国 最真实、最有效 的社交平台，加入人人网，找回老朋友，结交新朋友。 电子邮箱: 设置密码: 真实姓名: 性别: 男 女 生日: 请选择 2009 2008 2007 2006 2005 2004 2003 2002 2001 2000 1999 1998 1997 1996 1995 1994 1993 1992 1991 1990 90后 1989 1988 1987 1986 1985 1984 1983 1982 1981 1980 80后 1979 1978 1977 1976 1975 1974 1973 1972 1971 1970 70后 1969 1968 1967 1966 1965 1964 196', 23, 0, 1264270680, 1264270680);
INSERT INTO `kuaso_links` (`link_id`, `title`, `tuiguang`, `site_id`, `url`, `keywords`, `description`, `fulltxt`, `pagesize`, `level`, `updatetime`, `addtime`) VALUES
(38, '红孩子网上商城_主站:母婴,化妆,家居,保健,美食,数码商品网上订购，送货上门', 0, 0, 'http://www.redbaby.com.cn', '数码网购|纸尿裤|玩具|电脑|手表|饰品|服装|化妆品|面膜|健康品|保健品|手机|笔记本|相机 数码|配件|存储卡|红孩子商城', '红孩子网上购物-专业的母婴网上商场，商品包括：奶粉、纸尿裤、化妆品、玩具、数码、家电、手机、等数万种商品直销, 便捷，诚信的服务，为您提供方便快捷的购物方式和价廉物美的产品。', ' 01 切换站点 欢迎来到红孩子网上商城！ 切换到其它站点 主 站 华东站 上海、江苏、浙江 华南站 广州、深圳、佛山 快速购物通道 索取目录 亲子社区 折叠/展开 母婴 进入[母婴]频道 婴幼儿奶粉 | 婴幼儿辅食 婴幼儿营养品 | 纸尿裤 婴幼儿洗浴护肤 人工喂养用品 保温消毒 | 清洁剂类 婴儿车 | 婴儿床/椅 启智玩具 | 宝宝服饰 日常护理 | 婴儿寝居 外出用品 | 健康安全 口腔清洁类 婴幼儿图书音像 妈妈专区 热卖品牌 美赞臣 雅培 惠氏 多美滋 雀巢 亨氏 合生元 嘉宝 伊威 智灵通 生命阳光 首儿 纽曼斯 乳加力 全元康 贝亲 NUK 强生 嗳呵 帮宝适 妈咪宝贝 好奇 新安怡 小白熊 格朗 好孩子 爱得利 康贝 更多 时尚美妆 进入[时尚美妆]频道 面部护理 | 面膜/贴膜 流行彩妆 | 经典香氛 男士专区 | 头发护理 塑身美体 | 沐浴用品 手足护理 | 口腔护理 卫生护理 | 日用清洁 热卖品牌 兰蔻 雅诗兰黛 资生堂 倩碧 碧欧泉 娇韵诗 贝佳斯 雅顿 贝玲妃 佰草集 欧舒丹 水芝澳 ', 145, 0, 1264270682, 1264270682),
(39, '《小说阅读网》', 0, 0, 'http://www.readnovel.com', '小说 言情小说 校园小说 穿越小说 玄幻小说', '《小说阅读网》提供原创穿越小说、都市言情小说、青春校园小说、玄幻武侠、科幻灵异、历史军事、游戏竞技等小说在线阅读。页面简洁，无眩杂广告。', ' 本站日访问量：6000万 每天在线用户：200万 小说阅读网，成立于2004年，是中国最大的原创小说网站之一。由于访问量巨大，为方便读者，我们按内容分为“女生版” 与“男生版” 两个分站，请选择分站直接阅读。本站风格简洁，无炫杂广告，欢迎常来！ 女生版 女生版---主要提供言情、都市、青春校园等女性小说。 男生版 男生版---主要提供玄幻、武侠、 游戏、军事、异能等男性小说。 左侧圆角 经典好书 当前热门 女生版 右侧圆角 《跨过千年来爱你 》 作者： 秋夜雨寒 白敏，一个现代女子，无意中回到了千年之前的大兴... 《第一最好不相见 》 作者： 淡妆浓抹 他们是一对很特别的兄妹，有幸被另一对兄妹所爱。... [穿越] 《极品女将军与睿智三王爷 》 [穿越] 《代嫁弃妃 》 [穿越] 《四嫁酷王爷 》 [古韵] 《不做皇子的小妾：神医皇妃 》 [豪门] 《撒旦总裁的下堂妻 》 [穿越] 《鬼王的毒妃 》 [古韵] 《艳倾天下：爱妃，朕来也 》 [浪漫] 《酷总裁的契约女友 》', 47, 0, 1264270685, 1264270685),
(40, '瑞丽女性网——最大的都市女性网络化生存门户，伴随女性生活每一天', 0, 0, 'http://www.rayli.com.cn', '女性生活 瑞丽服饰 瑞丽美容 瑞丽家居 时尚女性', '时尚生活，女性门户，中国第一女性垂直门户，中国最具人气时尚女性社区。', ' 瑞丽阳光基金 瑞丽专属模特 瑞丽俱乐部 瑞丽BOOK 封面女孩大赛 美容大赏 寻找榜样OL 潮流之旅 首页 | 服饰 | 奢品 | 美容 | 家居 | 情感 | 旅行 | 新娘 | 情调 | 健康 | 美体 | 美食 | 星座 | 娱乐 | 模特 | 型男 | 格调 | 职场 | 母婴 | 测试 | 专题 网友分享 | 博客 | 论坛 | 朋友圈 | 瑞丽之星 | 试用 | 手机阅读 | 电子杂志 《瑞丽服饰美容》 《瑞丽伊人风尚》 《瑞丽时尚先锋》 《瑞丽家居设计》 设为首页 网站地图 将熊猫打造成“中国芭比” 提起玩偶，人们总是会想到芭比娃娃、米老鼠等，其实中国也可以拥有自己的“芭比娃娃”！ · 懒人搭法！简单搭闪亮名媛风 · 韩式风情 让你恋上家的感觉 · 10位女星绝密饮食减肥法 · 卫生组织公布最佳最差食物 · 脱俗小仙女的40个早春搭配 · 要你做佩内洛普一样的新娘 · 破译2010年春夏流行密码 · 日本猴子也爱泡温泉 · 周润发义女孟茜 身材傲人 · 美男vs女王！10大诱人韩剧 · 爱情碰到就分手的十件事 ·', 258, 0, 1264270688, 1264270688),
(41, '快播(QVOD) - 高清视频点播专家', 0, 0, 'http://www.qvod.com', '', '', '? 首页 下载 帮助 产品 合作 硬件 关于 支持 快播(QVOD) - 高清视频点播专家 快播(QvodPlayer)是一款基于准视频点播(QVOD)内核的、多功能、个性化的播放器软件。 快播集成了全新播放引擎，不但支持自主研发的准视频点播技术，而且还是免费的在线点播软件，用户只需通过几分钟的缓冲即可直接观看丰富的在线影视节目。快播具有的资源占用低、操作简捷、运行效率高，扩展能力强等特点，使其成为目前国内最受欢迎的万能播放器。 免费下载 快播3.5增强版 v3.5.0 build 0063 (软件大小:16.3MB) 已有 ........... 次下载 推荐下载 快播360安全版 v3.5.0 build 0063 (软件大小:3.27MB) 提供安全高效的在线点播体验 了解更多 -其它版本 新 闻 [2010-01-13] 快播QvodPlayer3.5.0.63优化网络传输 [2010-01-06] 快播：专注的雷锋 不一样的淘金者 [2009-12-15] 将Qvod打造成高清视频点播行业风向标 [2009-12-14] P4P将取代P2P？P4P技术在网络视频上的应用 [2009-12-03] 深圳', 12, 0, 1264270690, 1264270690),
(42, '机票,机票查询,特价机票,打折机票,航班查询-去哪儿旅游搜索引擎Qunar.com', 0, 0, 'http://www.qunar.com', '机票 机票预定 特价机票 打折机票 机票预订 飞机票 航班信息 航班查询 去哪儿 Qunar.com 去那儿 航班查询 ', '去哪儿(Qunar.com)提供机票,特价机票,打折机票的购买全攻略，99元春秋航空特惠折扣机票，百元南航、海航惊喜特价机票任您挑选,国航、深航1折特价机票和折扣机票一网打尽，更多打折机票尽在Qunar.com。同时搜索携程,艺龙等上百家旅游预订网站机票报价和航空公司直销机票价格，为您找到最实惠的特价机票信息,是你找到特价机票和机票预定的最佳途径，45天机票价格趋势图和特价机票邮件预约是您出行好助手', ' “去哪儿”旅游搜索引擎 首页 机票 酒店 知道 签证 博客 打折 火车票 | 手机搜索 | 关于订票 | 广告 | 收藏 可搜索65个品牌34179家酒店 国内及海外酒店搜索 城市 日期 从 到 关键词 同时搜索欧洲特价机票 品牌特惠区 | 酒店目录 可搜索379个网站3955条航线 国内机票 国际 &quot;港澳台 城市 从 到 方式 单程 往返 每日特价 日期 从 到 同时搜索 新加坡推荐攻略 城市 从 到 方式 单程 往返 日期 从 到 同时搜索 新加坡推荐攻略 45天机票价格趋势查询 | 预约特价机票 | 机票价格预测 北京 上海 广州 深圳 杭州 成都 南京 武汉 更多 ?5 12月27日 1折 北京-延安 ?83 12月30日 1.8折 北京-南京 ?43 12月30日 1.8折 北京-兰州 ?95 12月28日 1.8折 北京-银川 ?17 12月28日 1.9折 北京-杭州 ?01 12月20日 1.9折 北京-武汉 ?90 12月29日 2折 北京-乌鲁木齐 ?4 12月23日 2折 北京-赤峰 ?50 02月28日 2.1折 北京-大连 ?72 12月25日 2.1折 北京-南昌 ?00 02月19日 2', 68, 0, 1264270692, 1264270692),
(43, 'QQ163音乐网-音乐搜索-百度MP3搜索-谷歌音乐大全-qq163.com', 0, 0, 'http://www.qq163.com', '', '', ' 4399小游戏 ┊ 手机世界 ┊ hao123网址之家 ┊ 手机报价 ┊ iP查询 ┊ 手机主题 ┊ 网页游戏 ┊ 积分小游戏 ┊ 手机游戏 华人男歌手 ┊华人女歌手 ┊乐队组合 ┊ＤＪ舞曲 ┊杂锦合辑 ┊日韩歌手 ┊欧美歌手 ┊影视歌曲 ┊好听DJ舞曲 单曲排名 ┊推荐单曲 ┊新歌推荐 ┊推荐专辑 ┊ 男歌手排行 ┊ 女歌手排行 ┊ 乐队排行 ┊ ＤＪ排行 ┊ 日韩排行 ┊ 影视排行 ┊ 欧美排行 ┊ 杂锦合辑排行 音乐搜索： 歌曲 歌手 音乐盒用户名： 密码： 网 页 MP3 视 频 图 片 贴 吧 知 道 新 闻 更 多 空 间 百 科 地 图 财 经 词 典 百度一下 在线小游戏 搜索更多的网站请进入hao 123 网站查找 热门歌手 更多 推荐专辑 更多 周杰伦 林俊杰 张学友 周笔畅 水木年华 郑源 张韶涵 S.H.E 潘玮柏 胡彦斌 刘德华 刘若英 王心凌 飞儿乐团 光良 梁静茹 王菲 蔡依林 中文DJ集 音乐精选 Twins 孙燕姿 Beyond 更多的.. 罗志祥《罗生门》 罗百吉《正妹》 杨丞琳《雨爱》 许嵩[VAE]《寻雾', 122, 0, 1264270694, 1264270694),
(44, '腾讯首页', 0, 0, 'http://www.qq.com', '', '', ' 腾讯客服 · 导航 · 充值 · 设为首页 · 手机腾讯网 · QQ邮箱 新闻 博客 论坛 评论 财经 证券 港股 基金 娱乐 明星 电影 音乐 体育 NBA 足球 彩票 汽车 房产 家居 家电 科技 数码 手机 下载 女性 情感 育儿 时尚 购物 旅游 读书 原创 教育 出国 游戏 动漫 动画 星座 视频 直播 图片 世博 公益 儿童 网页 图片 视频 音乐 搜吧 问问 博客 更多▼ 综合 新闻 词典 生活 百科 所有产品 通信 QQ邮箱 QQ软件 QQ秀 QQ会员 号码 和悦 社区 QQ空间 相册 音乐 QQLive 播客 QQ校友 休闲 QQ游戏 炫舞 宠物 飞车 战地之王 烽火 丝路 网游 寻仙 地下城与勇士 穿越火线 自由幻想 三国 手机 无线 超级QQ 手机游戏 手机QQ 手机浏览器 商务 拍拍网 财付通 QQ充值 手机充值 返利 更多 新闻中心 · 外交部：反对美利用互联网问题指责中国 新京报：中国网络是自由法治的 谷歌应反思 评：透视美国信息自由 网络战略 背后意图 ·中央出红头文件要求数千驻京办半年内撤完 ·足协换帅', 213, 0, 1264270697, 1264270697),
(45, '小说阅读_起点中文小说网|免费小说,玄幻小说,武侠小说,言情小说,小说网各类小说下载', 0, 0, 'http://www.qidian.com', '', '', ' 我的书架 最近阅读 我的书架1 我的书架2 我的书架3 更多服务 充值付费 客服帮助 (新消息： ) ┊ 个人书屋 ┊ 我的书架 ┊ VIP书架 ┊ 社区 ┊ WEB游戏 ┊ 更多服务 ┊ 退出 退出 盛大通行证 密码 验证码 保持一月 登录 注册通行证 ┊找回密码 设为主页 手机版 简体版 繁体版 ┊ 女生版 图书版 手机版 首页 排行榜 搜书 评吧 专题 社区 俱乐部 作者专区 手机 论坛 游戏 家族 充值 帮助 帮助中心 客服中心 提交建议 彩虹精灵 起点问吧 书库 ·版权 ┊ VIP ·女生 ┊ 出版 ·图书 ┊ 玄幻 ·奇幻 ┊ 武侠 ·仙侠 ┊ 都市 ·言情 ┊ 历史 ·军事 ┊ 游戏 ·竞技 ┊ 科幻 ·灵异 ┊ 美文 ·同人 ┊ 全本 ·剧本 ┊ 漫画 ·三江 成功源于勤奋 起点年薪20万作者奋斗史 专题：说曹操 曹操墓到 盛大文学整体亮相国展，文学产业链凸显 请朋友订阅 拿三重豪礼! 关键字： 综合 书名 作者 主角 讨论区 评论 发表人 搜索 宋时归 阴阳冕 本周强推 上周强推 月票PK榜 上月PK榜', 117, 0, 1264270700, 1264270700),
(46, 'PPS网络电视官方网站 - 全球最大的网络电视服务商', 0, 0, 'http://www.pps.tv', 'PPS PPS网络电视 PPS下载', 'PPS官方网站,PPS网络电视是全球第一家集P2P直播点播于一身的网络电视软件.能够在线收看电影电视剧、体育直播、游戏竞技、动漫、综艺、新闻、财经资讯……播放流畅、完全免费,是网民喜爱的装机必备软件.', ' PPS搜索 PPS社区 影视交友 PPS游戏 影视百科 PPS资讯 PPS看看 PPS下载 PPS首页 PPS网络电视 PPS首页 我的PPS 看电影 看电视 看综艺 看动漫 今日看点 PPS世博专题站 5 4 3 2 1 《铁齿铜牙纪晓岚IV》(清晰版) 铁三角再度聚首 杜小月华丽回归 爆笑喜剧《熊猫大侠》 “剩女”阿朵猛追意中人 《仙剑奇侠传3》高清版 胡歌演绎旷世之恋 2010上海世博会 PPS喜迎中国2010上海世博会倒计时100天 乱世由您开创 群雄由您争霸 PPS独家首播《城事》 都市男女职场奋斗故事 爆笑喜剧《倔强的萝卜》 黄渤变身“科学怪人” 偶像剧《幸福一定强》 PPS即将播出 敬请期待 反特大戏《猎鹰1949》 张子健梁冠华玩&quot;间谍&quot; V2.6.86.8989 正式版(5.73MB) 已有 470,047,554 次下载 更多特性 海量高清影视在线观看,尽在PPS网络电视,立即下载! 直播动态 24日19:35 芒果训练营 23日21:15 华人大综艺(安以轩胡彦斌等) 23日19:35 芒果训练营 23日19:35 快乐大本营(偶像大对决) PPS动态 PPS 网络独', 55, 0, 1264270702, 1264270702),
(47, '人民网', 0, 0, 'http://www.people.com.cn', '人民网 人民日报 中国共产党新闻 新闻中心 时政 社会 地方 地方领导 经济 能源环保 跨国公司 新农村 教育 科技 文化 饮食 娱乐 旅游 游戏 短信 彩信 资料 人民电视图片 直播 访谈 观点 理论 传媒 国际军事 台湾 港澳 汽车 房产 IT 家电 开发区 百强县 体育 奥运 彩票 健康 男士 生活 天气 光盘 数据', '人民网，是世界十大报纸之一《人民日报》建设的以新闻为主的大型网上信息发布平台，也是互联网上最大的中文和多语种新闻网站之一。作为国家重点新闻网站，人民网以新闻报道的权威性、及时性、多样性和评论性为特色，在网民中树立起了“权威媒体、大众网站”的形象。', ' 报系 请选择报系 人民日报 海外版 环球人物 健康时报 京华时报 国际金融 江南时报 人民论坛 大地 文史参考 内刊 ...更多&gt;&gt; 地方频道 请选择频道 北京 天津 河北 山西 内蒙古 辽宁 吉林 黑龙江 上海 山东 安徽 浙江 福建 江苏 江西 广东 广西 海南 湖北 湖南 河南 重庆 四川 云南 贵州 西藏 陕西 甘肃 新疆 青海 宁夏 港澳 台湾 无锡 镇江 淄博 烟台 潍坊 苏南 温州 检索本站时政财经 更多 人民邮箱 设为首页 网站地图 人民日报广告 2010年1月24日 星期日 强国论坛 手机论坛 图说中国 社区 博客 播客 掘客 |商城 | 新闻 时政 社会 图片 宽频 | 地方 领导 节会 招商 旅游 | 经济 农村 环保 健康 | 房产 食品 卫生 | 教育 科技 文化 动漫 |收藏 男 女 观点 理论 传媒 舆情 访谈 | 国际 军事 台湾 港澳 日本 | I T 汽车 手机 家电 | 央企 跨国 民航 | 体育 娱乐 游戏 彩票 |无线 玩机 中国共产党新闻 |学习实践网 |人大 政协 政府 工会 妇联 科协 |文明网 西藏 公', 251, 0, 1264270705, 1264270705),
(48, '泡泡网－第一数字产品互动媒体', 0, 0, 'http://www.pcpop.com', 'PCPOP 泡泡网 电脑网 中关村 电脑报价 新闻 行情 导购 装机 攒机 评测 新品 软件 下载 产品 报价 经销商 二手 数码 手机 数码相机 数码摄像机 DC DV MP3 MP4 论坛 硬件论坛', '泡泡网－第一数字产品互动媒体', ' ·IT168 ·泡泡网 ·CHE168 ·汽车之家 ·ITPUB ·IXPUB ·ChinaUnix ·qudao168 买电脑 上泡泡 产品论坛 | 泡泡俱乐部 澳信传媒旗下网站 ·广告服务 · 月招聘 ·收藏泡泡网 产品报价 模拟装机 经销商 促销 排行榜 高清 3G DIY评测室 视频 软件 下载 游戏 新闻 行情 评测 专题 DELL直销 | 索尼专区 | 汽车之家 消费数码 笔记本 电脑 手机 数码相机 MP3/MP4 GPS 数字家电 上网本 摄像机 电子书 移动存储 耳机 家用音响 高清播放机 装机配件 显示器 主板 显卡 CPU 内存硬盘 音箱 机箱电源 散热器 光驱 鼠标摄像头 无线 网络 企业办公 办公 投影机 激光打印 一体机 家用 商用 泡泡网全国分站 北京 上海 深圳 广州 江苏 浙江 山东 河南 湖北 辽宁 湖南 四川 陕西 重庆 云南 天津 安徽 河北 临沂 山西 热点专题 拥有影驰DDR5集团军 赢大奖 我们与华硕H55/H57的故事 AMD四城市新游戏万人大体验 玩转N卡 酷到底 爽到飞 森海塞尔耳机 品质生活典范 试用终结者B5玩游戏', 270, 0, 1264271022, 1264271022),
(49, '太平洋电脑网_中国第一专业IT门户网站', 0, 0, 'http://www.pconline.com.cn', '太平洋电脑网 太平洋 IT门户 IT资讯 电脑 手机 数码', '太平洋电脑网是专业IT门户网站,为用户和经销商提供IT资讯和行情报价,涉及电脑,手机,数码产品,软件等.', ' 太平洋专业网站群：电脑网 | 汽车网 | 游戏网 | 女性网 | 亲子网 网站地图 首页 产业 评测室 行情中心 产品库 产品报价 产品论坛 下载中心 软件 视频 游戏 专题 IT商城 快问 博客 DIY论坛 笔记本论坛 手机论坛 摄影论坛 二手论坛 数码世界 手机 数码相机 摄像机 MP3 /MP4 家电/ 高清 GPS 移动存储 笔记本 台式机 上网本 DIY硬件 CPU/内存硬盘 显示器 显卡 摄像头 机箱电源散热 主板 音频 键鼠 光驱 企业应用 服务器 网络设备 办公设备 打印机 投影机 3G通信 |手机资源 软件论坛 摄影部落 休闲论坛 | 二手 调研 图库 自助装机 北京 上海 广州 深圳 香港 广西 重庆 武汉 山东 江苏 辽宁 福建 成都 西安 江西 湖南 黑龙江 内蒙古 浙江 河北 河南 更多 D部落 精品廊 游戏硬件 时尚IT ·影驰GT240半价试用开始 ·盈通蓝派系列主板专题 ·三星热门WCDMA 3G手机详解 ·XFX魔方系列显卡震撼登场 ·桌面极光一体机速购中心 ·分享节日喜悦手机佳礼推荐 ·年底手机与手机', 372, 0, 1264271026, 1264271026),
(50, '太平洋女性网_全国领先的专业女性网站', 0, 0, 'http://www.pclady.com.cn', '时尚 女性 女性网 太平洋女性网 太平洋时尚女性网 Pclady', '风采.迷人.做自己-Be Pretty.Be Charming.Be myself-太平洋女性网，Pclady.com.cn是集实用性，互动性，鉴赏性为一体的专业女性资讯平台；着力打造时尚、智慧、自信、独立、健康的新时代女性。Pclady下设美容、服饰、健康、居家、情感、品味、搜店、打折优惠、品牌库及女性论坛等频道，使网友可以获取最新、最快、最全面的时尚潮流讯息和消费导向', ' 太平洋专业网站群：电脑网 |汽车网 |游戏网 |女性网 |亲子网 网站地图 加入收藏 设为首页 美容 美体 评测 数码 服饰 奢品 娱乐 汽车 情感 星座 测试 旅游 健康 家居 宠物 亲子 晒客 点评 试用 视频 论坛 快问 搜店 图库 北京站 上海站 广州站 香港站 魔法变妆 N97mini 十月围城 星座运势 甲流 评测 神话电视剧 周杰伦与蔡依林旧情复燃？ 01月24日双鱼座打开心结 测试：你的下一站幸福在哪 Tips:勿在干燥唇上涂口红 Tips：多吃玉米抗衰老 搭配周记：冬季保暖4大时尚秘籍 在冬季，很多MM都裹起了厚厚的棉袄和羽绒，但是自己的漂亮身材却别遮掩了，怎样才能好看又保暖呢？寒冷的冬季来点特色的……[详细] ·对抗3大眼部问题 成功掩龄 ·重要!3招全面扫除脸部垃圾 ·街拍！看2010日系发型趋势 ·简易学！打造欧美范儿美人 ·大衣+黑丝 做冬日时尚魔头 ·双排扣风衣演绎深冬抓眼术 ·魅力宝典!巧搭提升恋爱运 ·梨形钻戒:大女人的心头爱! ·拒绝分手：你是不甘or不', 179, 0, 1264271028, 1264271028),
(51, '太平洋汽车网_精准报价_权威评测_汽车世界,由此精彩', 0, 0, 'http://www.pcauto.com.cn', '汽车 太平洋汽车网 汽车报价 汽车评测 汽车论坛', '太平洋汽车网下设汽车报价,汽车评测,以及新闻、导购、维修、保养、安全、汽车论坛、自驾游、汽车休闲、汽车文化等方面的内容,为中国汽车排名第一的综合汽车网站,提供最权威,最全面的车型数据、参数、配置、报价、相关新闻和图片等', ' 太平洋汽车网 太平洋专业网站群：电脑网 | 汽车网 | 游戏网 | 女性网 | 亲子网 网站地图 首页 专题 新车 导购 图库 汽车报价 热点车型 国际 评测 视频 车型大全 二 手 车 汽车售后 维修保养 汽车用品 汽车改装 论坛 图赏 旅游 博客 油耗 休闲 动态 访谈 车市: 热门车型 新车前瞻 5万以下 5-8万 8-12万 12-18万 18-30万 30万以上 MPV/SUV 新皇冠 报价 图片 论坛 2010款普拉多 报价 图片 论坛 MG6 报价 图片 论坛 进口马自达3两厢 报价 图片 论坛 别克英朗 报价 图片 论坛 奇瑞风云2 报价 图片 论坛 高尔夫6代 报价 图片 论坛 英菲尼迪G25 报价 图片 论坛 科鲁兹 报价 图片 论坛 新赛欧 报价 图片 论坛 比亚迪G3 报价 图片 论坛 锋范 报价 图片 论坛 夏利N5 报价 图片 论坛 新君威 报价 图片 论坛 宝马X1 报价 图片 论坛 奥迪Q5 报价 图片 论坛 新奥拓 报价 图片 论坛 第五代POLO 报价 图片 论坛 别克英朗 报价 图片 论坛 瑞麒X1 报价 图片 论坛 保时捷卡宴 报价', 268, 0, 1264271031, 1264271031),
(52, '机票,特价机票,打折机票,机票查询,机票预定-麒迅特价机票', 0, 0, 'http://www.oyesgo.com', '', '', ' 登录 注册 ,欢迎您回来! | 退出 麒迅旅行网(OYESGO.COM) 机票 | 机票 酒店 火车票 租车 | 度假 邮轮 签证 | 旅行问答 旅者社区 我的历史记录 针对您的 特殊需求 ,为您寻找最完美的 酒店 , 机票 和 旅游产品 arrow 搜索特价 打折机票 ，查询票价 未来走势 arrow 发布 求购转让 信息，查询 列车时刻表 ，搜索 售票网点 arrow 分类搜索 即时过滤 价格比较 直达预订 arrow 为您寻求 性价比 最优的旅游线路 arrow 个性化的 诚信导游 搜索 arrow 搜索全球各大洲，近 200个国家的各类签证产品 arrow 搜索各类旅游景点，体育演出等 门票供应 arrow 搜索全球主要的 26家 邮轮公司， 200多条 邮轮， 近300个 港口的海上航线 arrow 景区介绍 景点照片 游记攻略 旅行问答 arrow 开放 互动 分享 收获 ，快速获得帮助的平台 arrow 完善的 口碑评价 机制，汇集大众体验与智慧 arrow 交流 旅行心得 ，分享 旅行快乐 。旅行者的在线社区。 arrow 从 最优秀的汽车租赁服务提供商', 98, 0, 1264271034, 1264271034),
(53, '华军软件园：提供国内外最新免费软件、共享软件的发布、下载、资讯、技巧、评测！', 0, 0, 'http://www.onlinedown.net', '软件 下载 共享 共享软件 免费 免费软件 汉化 汉化补丁 游戏 游戏下载 软件教程 软件新闻 软件资讯 操作系统 邮件 服务器 压缩 文件管理 组网 局域网 宽带 网络安全 杀毒 杀毒软件 病毒 黑客 病毒档案 音频 视频 数据库 设计 平面设计 网页制作 网页浏览 上传 联络 聊天 动画 网络软件 系统工具 应用软件 联络聊天 图像处理 多媒体 媒体工具 行业管理 游戏娱乐 编程开发 安全 教育教学 网站源码 数码软件 注册码 软件注册 注册软件 购买软件 软件购买', '', '? 带宽提供:普尔IDC 群英IDC 傲盾IDC 59互联 蓝芒科技 唯一数据 微子网络 亿恩科技 炎黄网络 易信科技 中国E动网 利晨数据 英拓网络 佰网数据 西安导航 景安数据 银联数据 杰迅网络 华军主站 中国电信 联通网通 移动铁通 其它网络 南京电信 徐州电信 宿迁电信 江苏电信 江西电信 南京电信 淮安电信 无锡电信 金华电信 安徽电信 广西电信 温州电信 东莞电信 天水电信 宁波电信 常州电信 东莞电信 湛江电信 宜兴电信 苏州电信 江苏电信 襄樊电信 湖南电信 上海电信 茂名电信 金昌电信 宿迁电信 江西电信 南充电信 汕头电信 镇江电信 阳江电信 绍兴电信 湛江电信 镇江电信 德阳电信 浙江电信 北京网通 济源网通 内蒙网通 烟台热线 濮阳网通 德州网通 四川网通 三门峡网通 海泰宽带 沧州网通 湖南网通 大庆油田 温州网通 泰安网通 广州网通 大连信息港 盘锦网通 茂名网通 河北网通 临汾网通 上饶网通 郑州网通 河南网通 哈尔滨网通 新乡网通 菏泽网通 宁夏网通 山', 13, 0, 1264271036, 1264271036),
(54, '首页 - 中国红十字会李连杰壹基金官方网站 One Foundation', 0, 0, 'http://www.onefoundation.cn', '中国红十字会李连杰壹基金官方网站 One Foundation 壹基金', '中国红十字会李连杰壹基金官方网站 One Foundation 壹基金', ' 更多新闻 壹基金救援联盟重要声明 2010年1月12日海地首都太子港的7.0级强震，已使海地近三分之一的人口受灾，遇难人数恐超10万。美国、英国、德国、比利时、法国、荷兰、瑞士、俄罗斯等... (10-01-19) 阿里巴巴集团通过壹基金为海地捐款200万元人民币用...(图) (10-01-18) 腾讯决定通过壹基金为海地捐款20万美元...(图) (10-01-15) 8000汶川绣娘每人10元援助海地(图) (10-01-15) 海地地震专项(图) 进入专题 2009年壹基金典范工程盛大揭晓 千万资金扶持优秀公益组织(图) 2009年壹基金典范工程盛大揭晓 千万资金扶持优秀公...(图) 2009年10月31日，“壹基金 壹家人 2009年会暨典范工程庆典”在北京隆重举行。 庆典活动中，壹基金向全球的家人们，揭晓了第二届壹基金典范工程的获选组织，8家公益组织获选，将获... &gt; 详细了解 2009壹基金典范工程及潜力典范获选名单 2009壹基金典范工程评选流程 进入专题 来！帮灾区女孩圆个花裙梦(图) 梦想与希冀——灾区表情20', 85, 0, 1264271039, 1264271039),
(55, '好乐买正品鞋-NIKE adidas Converse 李宁 puma umbro 运动鞋 休闲鞋 在线销售', 0, 0, 'http://www.okaybuy.com.cn', 'nike(耐克) adidas(阿迪达斯) converse(匡威) puma(彪马) rebok(锐步) umbro(茵宝) 李宁(lining) 波尼(pony) 正品 篮球鞋 足球鞋 网球鞋 休闲鞋 跑步鞋 帆布鞋 硫化鞋 好乐买官网 好乐买 官网', 'OkayBuy(好乐买)是正品运动鞋休闲鞋的购物网站,经营nike(耐克) adidas(阿迪达斯) converse(匡威) puma(彪马) rebok(锐步) umbro(茵宝) 李宁 正品篮球鞋,足球鞋,网球鞋,休闲鞋,跑步鞋,帆布鞋,硫化鞋', ' 用户注册 会员登录 我的帐户 购 物 车 订单查询 首页 | 购物保障 | 购物流程 | 支付方式 | 配送方式 | 退换货政策 | 疯狂特价 | 最新上架 1 2 3 4 5 6 男士运动鞋 篮球鞋 足球鞋 网球鞋 乒乓球鞋 跑步鞋 训练鞋 男士休闲鞋 板鞋 休闲时尚鞋 经典复古鞋 帆布鞋 男士户外鞋 戶外休闲鞋 徒步鞋 沙滩鞋 男士凉拖 户外凉拖 户外拖鞋 棉拖 CROCS 女士运动鞋 篮球鞋 足球鞋 网球鞋 乒乓球鞋 跑步鞋 训练鞋 戶外休闲鞋 徒步鞋 女士休闲鞋 板鞋 休闲时尚鞋 经典复古鞋 帆布鞋 女士凉拖 户外凉鞋 户外拖鞋 女式凉鞋 女式拖鞋 沙滩鞋 CROCS 女士皮鞋 平底单鞋 中低跟单鞋 高跟单鞋 短靴 中筒靴 高筒靴 请选择男女款 男式 女式 所有品牌 Nike Adidas Adidas三叶草 Adidas Style PONY PUMA Converse reebok 李宁 Umbro kappa New Balance MIZUNO le coq sportif AVIA 安踏 Anta Crocs K·SWISS KNOWAY 星期六 STcopy; 2007 - 2010 OkayBuy.com.cn Ver 1.0 All Rights Reser', 22, 0, 1264271041, 1264271041),
(56, '欢迎进入no5时尚广场 — 香水、化妆品、减肥、塑身品在线购物商城', 0, 0, 'http://www.no5.com.cn', 'No5时尚广场－国内领先的化妆品、护肤品、香水、减肥丰胸品、彩妆、礼品、健康产品、洗护用品网上商城。特价在线销售5000多种化妆品、护肤品、香水、减肥丰胸品、彩妆、礼品、健康产品、洗护用品、zippo打火机、瑞士军刀、皮具等。品牌包括Lancome 兰蔻 Estee Lauder 雅诗兰黛 Shiseido 资生堂 Clinique 倩碧 Biotherm 碧欧泉 Clarins 娇韵诗 HR 赫莲娜 Borghese 贝佳斯 Elizabeth Arden 雅顿 Guerlain 娇兰 Dior 迪奥 SK-Ⅱ LA MER 海蓝之谜 H2o 水芝澳 Kiehl’s 契尔氏 Jurlique 茱丽 Vichy 薇姿 LOREAL 欧莱雅 Kose 高丝 Laneige 兰芝 Nuxe Mary Kay 玫琳凯 OLAY 玉兰油等，品种包括：化妆品、护肤品、香水、美体减肥丰胸、彩妆、洗护、健康产品、礼品等', 'No5时尚广场－国内领先的化妆品、护肤品、香水、减肥丰胸品、彩妆、礼品、健康产品、洗护用品网上商城。特价在线销售5000多种化妆品、护肤品、香水、减肥丰胸品、彩妆、礼品、健康产品、洗护用品、zippo打火机、瑞士军刀、皮具等；在线购物，网上商城，网上购物 购物网站，全国1800多个城市送货上门，货到付款；免费咨询订购电话：4008836655；', ' 首页 所有商品分类 我的帐户 | 我的购物车 | 我的暂存架 | 收藏No5 | 帮助中心 护肤 洁面 爽肤 面霜/乳液 晚霜 精华 眼部 面膜 防晒 角质/按摩 护唇 手足 卸妆 男士 儿童 口服美容品 套装 香水 女士 男士 中性 迷你 限量 套装 彩妆 隔离 遮瑕 粉底 粉饼 散粉 腮红 睫毛 眉毛 眼影 眼线 唇妆 美甲 组合 美体 丰胸美乳 外用瘦身 减肥食品 减肥器械 塑身内衣 美臀美腿 去妊娠纹 洗护 洗发/护发 焗油/发膜 头发造型 沐浴 润体/香体 spa 染发 生发/黑发 止汗 脱毛 工具 护肤工具 化妆工具 美发工具 美甲工具 美体工具 化妆包 健康 维生素类 钙镁锌类 增强免疫 调节肠胃 改善睡眠 视力保健 心脑血管 保肝护肺 儿童营养 男士营养 女性保健 美容养颜 颈椎腰椎 保健器材 糖尿病 精品 瑞士军刀 zippo/烟具 名表 皮具 剃须刀 汽车用品 居家用品 品牌 兰蔻 资生堂 雅诗兰黛 倩碧 碧欧泉 雅顿 Dior 娇韵诗 契尔氏 欧莱雅 更多.. 护肤 | 香水 | 彩妆 | 美乳塑身 | 洗护 | 美', 66, 0, 1264271043, 1264271043),
(57, '新蛋中国 - 全球领先的IT、数码网上购物商城 - 电脑硬件，电脑配件，数码相机，笔记本，手机，办公设备，家电，百货', 0, 0, 'http://www.newegg.com.cn', '全球领先的IT、数码网上购物商城 - 电脑硬件，电脑配件，数码相机，笔记本，手机，办公设备，家电，百货 - 新蛋中国', '在线销售电脑硬件,数码产品,附件耗材,游戏设备,车模,时尚饰品,多媒体设备,电脑配件,拳头商品耳机,鼠标,MP3,闪盘 - 新蛋中国', ' 帮助中心 我的新蛋 我的订单 我的收藏 首 页 品牌专卖 限时抢购 寻宝专区 电脑整机 笔记本电脑 品牌台式机 笔记本附件 电脑包/数码包 电脑IT清洁附件 手机通讯 手机 手机配件 对讲机 中国联通SIM卡 数码产品 数码相机/摄像机 数码附件 MP3/MP4/录音笔 GPS导航仪 优盘 存储卡/读卡器 数码相框/电子词典 电脑软硬件 显示器 硬盘 移动硬盘 键盘/鼠标 内存 网络设备 机箱/电源 主板 CPU 显卡 散热器 耳机/音箱 光驱/刻录机 正版软件 办公设备与附件 办公设备 打印耗材 刻录盘片 摄像头/电视卡 游戏设备 线缆/插线板 电池与充电器 家电百货 平板电视 家庭影音 空调 冰箱/冷柜 洗衣机/干衣机 厨用电器 热水器 日用电器 个人护理 钟表首饰 生活百货 礼品箱包 所有分类 搜 索 热门搜索: 倍轻松 5230 上网本 NOKIA X3 豆浆机 苹果iPod 分类浏览 电脑整机 笔记本电脑 笔记本 mini笔记本 3G上网本 品牌台式机 含显示器台式机 不含显示器台式机 一体机 笔记本附件 原装包/', 82, 0, 1264271045, 1264271045),
(58, '中华人民共和国国防部', 0, 0, 'http://www.mod.gov.cn', '国防部 国防部网站 军事 国防 解放军 军队 军人 军委 四总部 军校 武器 装备 军演 维和 反恐 救援 护航 卫星 电子对抗 指挥自动化 火炮 导弹 轻武器 舰艇 飞机 装甲车 新兵 国防生 女兵 飞行员 军史 法规 军事图片', '', ' 1 2 3 4 5 特战队员依法对可疑船只登临检查 阿勒泰官兵成功救出7名哈萨克族群众 中国为联合国维和事业作出自己的贡献 黑龙江军区某边防团不畏严寒刻苦训练 直击：渤海大冰压境 电煤外运受阻 新疆军区两架直升机紧急起飞营救群众 特大暴雪困北疆 奶茶飘香谢恩人 &gt;更多 国防视点 非智力素质：助你腾飞的隐形翅膀 英军：立足反恐 规划未来 电视剧乱挖军史资源堪忧 谨防大学生士兵“被理想化” 指挥员性格：另一种软实力 评论：为维护人民群众生命安全作贡献 华东华中电荒引发战时电力动员思考 由美“巨型机器狗”参战想到运力动员 发力：90后士兵大潮 奥巴马为何又增兵阿富汗 &gt;更多 武器装备 装甲 |飞机 |舰艇 |轻武器 |导弹 火炮 |卫星 |电子对抗 |指挥自动化 F-15SE&quot;沉默鹰&quot; 苏-30MKI战机 法国海军接收第2艘“地平线”级驱逐舰 英国“爱丁堡”号驱逐舰即将大修 波音公司F-15SE&quot;沉默鹰&quot;完成RCS测试 洪森说柬海军有足够武器执行卫国任务 英陆军参谋长建议削减重型', 42, 0, 1264271047, 1264271047),
(59, '欢迎访问备案网站管理系统', 0, 0, 'http://www.miibeian.gov.cn', '', '', ' 欢迎访问备案系统网站|全国咨询电话：010-95169001 您是第340484036位访问者 报备类别： 请选择 ICP报备(网站主办者) ICP报备(接入服务商) IP报备 域名报备 用户名： 密 码： 验证码： |登录 |找回密码 |刷新验证码 | 提示：新网站主办者用户请[注册 ] 提示：管理用户请点击→|进入 | 安徽省ICP用户注销(... 安徽省ICP用户找回用... 北京市ICP备案找回用... 北京市ICP用户注销备... 广西ICP用户注销(删... 广西找回用户名、密码查... 《福建省备案网站用户名... 更多 与省局网站备案管理系统接口规范试行版... 工业和信息化部印发互联网站备案管理工... 关于定期对已备案网站信息进行抽样核查... 备案信息填报真实性和规范性的有关要求... 各省通信管理局备案工作联系电话 电子证书相关说明 信息产业部关于做好互联网网站实名管理... 备案用户典型问题指南 江苏网站用户常规问题解答 更多 《互联网电子公告服务管理规定》(信息... 《互联网站管理工作细则》(信', 29, 0, 1264271049, 1264271049),
(60, '打造成功率最高的专业征婚交友网站_嫁我网', 0, 0, 'http://www.marry5.com', '交友;征婚;爱情;婚姻;婚恋;婚介;佳缘;嫁我网;真爱;心理测试;真爱推荐;交友活动;交友聊天;交友中心;msn交友;婚恋交友;上海交友;北京交友;广州交友;广东交友;杭州交友;武汉交友;大连交友;天津交友;深圳交友;南京交友;西安交友;成都交友;重庆交友;厦门交友;东莞交友;沈阳交友;', '嫁我网是中国最专业,成功率最高的爱情交友(婚恋交友)(征婚交友)平台,数百万白领交友成功,拥有交友真爱测试,交友社区,交友聊天,交友活动,交友日记,交友顾问,交友约会,明星交友产品.', ' 首 页 我的marry5 真爱推荐 搜索会员 新会员 此刻在线 心情日记 交友活动 成功故事 白领购物 昨天有 人发布了成功的好消息！ 算起来，4岁的嫁我网一共收到了 个会员幸福恋爱和结婚的喜讯了哦！ 成功故事 [荐]爱情顾问助成功 幸福是两人珍惜 来之不易的爱 更多的成功故事： ·光棍节那天她给我一个“特殊礼物” ·我要的是真正不夹杂金钱的爱情 ·虽没见过面但远远我就认出他来 ·婚姻像鞋子,舒服不舒服只有穿的人知道 ·热门:结婚你会选择最爱还是最合适? 新看点 裸婚好吗 写给未来老婆的一封信 更多精彩内容： ·看看我符合谁的择偶条件 ·找对象,不难——爱情顾问为您人工觅爱 ·虎年行大运 三重惊喜到 点击领取 ·让对方第一眼就看到你！ VIP俱乐部 能量群落 读研回国后北京工作 ·喜欢与有智慧的男人交往 ·会用成语的我会优先考虑 [昵称 - 小今] 更多VIP精彩内容： ·在嫁我网更快找到真爱的秘诀 ·惊喜：VIP会员买一年 折后再送半年 ·希望以找到属于我', 129, 0, 1264271053, 1264271053),
(61, '麦考林网上购物，享受网购乐趣，尽在麦网购物商城! 时尚女装 内衣 配饰 化妆品 美容保健 童装母婴 家居用品 男装等购物精品!', 0, 0, 'http://www.m18.com', '麦考林 麦网 M18 网上购物 订购 女装 内衣 化妆品 配饰 玩具 童装 母婴 家居用品 个人护理 美容 保健 宠物用品', '麦网是全球最大的中文女性网上购物网站，在线特价销售超过60万种品牌服装,时尚饰品。是白领女性购买时尚女装、配饰、家居用品、健康美容、母婴用品的首选，同时有天天抢,特价,积分换购等特色购物专区；全国联保、网上订购、10天质保无条件退货。', '? 麦考林用户激活 目录购买 绿色订购通道 门店地址 首页 女装 上装 T恤/卫衣 小西服/风衣/马甲 针织衫/毛衣 大衣/羽绒服/皮草 衬衫/雪纺衫 背心/吊带衫 下装 裤子 牛仔裤 裙服 连衣裙 半身裙 热卖品牌 欧梦达Euromoda 兰沛淇RAMPAGE 时尚快报STY.Express 宝贝双星LUV SYMBOLS 艾衣人服饰Take-it 流行前线F.Online 更多 EUROMODA人气热卖 恋爱物语电暖宝免费送 RAMPAGE秋冬新款 送价值99元完美物语女包 美容保健 护肤 香水 日常护理 户外运动 彩妆 美体瘦身 保健用品 保健食品 化妆品专区 最新到货 立即抢购 家居用品 收纳用品 生活日用 时尚家饰 床上用品 小家电 厨房用品 卫浴用品 清洁用品 电脑周边 汽车用品 畅销排行 TOP40 最新到货 立即抢购 童装母婴 男童 洗护卫浴 宝宝服饰 玩具 女童 哺育用品 妈妈用品 日用品/电器 畅销排行 TOP40 最新到货 立即抢购 内衣 LEGGING/袜子 睡衣/家居服/运动服 文胸 塑身内衣 内裤 情趣内衣 畅销排行 TOP40 最新到货 立即', 57, 0, 1264271054, 1264271054),
(62, 'ERROR: The requested URL could not be retrieved', 0, 0, 'http://www.lottery.gov.cn', '', '', ' ERROR The requested URL could not be retrieved While trying to process the request: GET / HTTP/1.0Accept: */*Cookie: AJSTAT_ok_times=64; rtime=1; ltime=1261308566062; cnzz_eid=63859820-1261218814-; history=%u4EBA%u4F53+http%3A//www.033.cc/renti/index.htm_114la_%u4E24%u6027+http%3A//www.033.cc/sex/index.htm_114la_%u4E24%u6027+http%3A//www.033.cc/sex/index.htm_114la_%u751F%u6D3B+http%3A//www.033.cc/xiaofei/index.htm_114la_%u5A31%u4E50+http%3A//www.033.cc/yule/index.htm_114la_%u5730%u56FE+http%3A//www.033.cc/map/index.htm_114la_%u6C7D%u8F66%u9970%u54C1+http%3A//h1.untang.com/jump.vip%3Fzi%3D5005724_114la_%u5C0F%u6E38%u620F+http%3A//www.033.cc/xiaoyouxi/index.htm_114la_%u4E24%u6027+http%3A//www.033.cc/sex/index.htm_114la_%u6C7D%u8F66+http%3A//www.033.cc/qiche/index.htm_114la_%u4EBA%u4F53+htt', 3, 0, 1264271056, 1264271056),
(63, 'China Broad Band Net', 0, 0, 'http://www.linkwan.com', '', '', ' 2000-2010世界网络 版权所有 粤ICP备05039630号 ', 9, 0, 1264271057, 1264271057),
(64, '乐淘正品鞋专卖-专营耐克nike|阿迪达斯adidas|李宁lining|匡威converse|彪马puma|卡帕kappa|纽巴伦NEWBALANCE|三叶草ORIGINALS|运动鞋|篮球鞋|帆布鞋|跑鞋|拖鞋|板鞋|休闲鞋|足球鞋', 0, 0, 'http://www.letaozu.com', '篮球鞋 足球鞋 网球鞋休闲鞋 跑步鞋 帆布鞋 硫化鞋 耐克 阿迪达斯 李宁 匡威 彪马 卡帕 三叶草 男鞋 女鞋', '乐淘(letaozu.com)是中国最大的正品运动鞋、休闲鞋和皮鞋网上专卖。经营的品牌包括耐克|nike阿迪达斯|adidas李宁|lining|匡威|converse彪马|puma卡帕|kappa三叶草|ORIGINALS等国内外知名品牌，有篮球鞋,足球鞋,网球鞋休闲鞋,跑步鞋,帆布鞋,硫化鞋,男鞋,女鞋等各类鞋,全场最低4折起，最时尚的鞋子，最便宜的价格！买正品鞋，尽在乐淘！', ' 登录 新用户注册 我的购物车 我的乐淘 帮助中心 收藏乐淘 正品鞋,全场免运费,退换免运费 首页 | 品牌 (24) | 运动鞋 (1797) | 皮鞋 (490) | 特价 | 新品 | 限量 | 晒客 运动品牌 耐克系列 阿迪系列 匡威 李宁 彪马系列 新百伦 卡帕 茵宝 万斯 鬼冢虎 乐途 尤尼克斯 王子 海德 皮鞋品牌 百丽 达芙妮 他她 天美意 星期六 索菲娅 圣伽步 高镫 &gt;&gt;所有耐克 &gt;&gt;所有阿迪 &gt;&gt;所有彪马 乐淘秒杀 秒杀全场 运动至尚 乐淘快报常见问题 [说明] EMS配送查询问题说明 [活动] 50元优惠券 只要评论就有奖 [活动] 乐淘“晒客” 敢晒就有奖！ [提醒] 乐淘族郑重提醒:慎防欺诈 [火爆] 300元内大牌运动鞋超值包邮 每日推荐：达芙妮 女款人气单鞋 Adidas阿迪 训练鞋 女子 City 60 II 620元 469元 (7.6折) Nike耐克 女子运动文化鞋 WMNS NIKE SANTA CRUISE U 560元 399元 (7.1折) Adidas阿迪 户外鞋 男子 FLINT TR LOW M 580元 439元 (7.6折) Converse匡威 男子 休闲鞋 Street Boy Ox', 46, 0, 1264271060, 1264271060),
(65, '乐蜂网_最好的女性时尚网 - 乐蜂网', 0, 0, 'http://www.lafaso.com', '精油 美丽俏佳人 李静 女性购物 网上购物 化妆品 彩妆 美容资讯', 'LAFASO乐蜂网是中国第一家拥有美容专家、明星进驻，以提供女性时尚解决方案为主要服务的女性时尚网。乐蜂网凭借《美丽俏佳人》、《超级访问》、《我爱每一天》等时尚娱乐节目，聚集了众多美容专家、时尚明星，成为国内女性网站中的新锐，并致力于成为国内最好的女性时尚购物网站，让用户安心享受优质的购物体验。', ' 购物车(0) 我的订单 乐蜂贵宾卡/礼品卡申购 售后服务电话：400 650 4321 首页 Jplus精油 美容护肤 彩妆香水 美体瘦身 健康保健 服装配饰 家居家饰 品牌 社区 视频 贵宾卡 Jcare纤体梅 Miss Face 告别大象腿的裤袜 搜索： 角质越少越好吗？ 如何完成完美面试 brother抽的是寂寞 新年精彩活动汇总 最值得推荐的唇部保养品 FaceShop正品行货5折起 会员热评胶原蛋白 大热BB霜你选对了么 产品分类 品牌 贵宾卡/礼品卡申购 Jplus精油 芳疗精油 - 单方精油 媒介油 单方精油 媒介油 有机单方精油 复方精华油 精油套装 复方纯精油 精油护肤 - 精油面膜 精油手霜 精油面膜 精油手霜 精油身体乳 精油唇蜜/膜 精油修护膏 芳疗工具 - 扩香工具 香薰饰品 扩香工具 香薰饰品 保存器具 辅助用具 Jcare专家保养 美容饮品 - 胶原蛋白果味饮料 胶原蛋白果味饮料 美容护肤 面部护理 - 乳液/面霜 面部精华 乳液/面霜 面部精华 面膜 护肤品套装 防晒/晒后 面部卸妆 隔离霜 化妆水/爽', 117, 0, 1264271063, 1264271063),
(66, '爱美网-女性|时尚|美容-lady8844.com-我的美丽,由此开始!2010年女性最新流行时尚美容资讯!Top Fashion & Beauty Portal For Woman', 0, 0, 'http://www.lady8844.com', '女性时尚 美容护肤 瘦身减肥 化妆彩妆 发型美发 香水香薰 时尚品牌', '爱美网(www.lady8844.com)女性时尚美容资讯,提供专业美容美体,护肤修身资讯.爱美网设有服饰,护肤,彩妆,美发,瘦身,香水栏目.提供美丽护肤,时尚彩妆,瘦身纤体,流行发型,经典香水等潮流爱美资讯.为各位爱美人士提供一个交流美容美体心得的爱美论坛.   女性时尚,美容护肤,瘦身减肥,化妆彩妆,发型美发,香水香薰,时尚品牌', ' 用户名： 密码： 论坛 注册 设为首页 收藏 文章搜索： 首页 资讯 服饰 流行服饰 服饰搭配 美容 产品报告 问题肌肤 秀发 流行发型 DIY发型 瘦身 局部瘦身 吃出苗条 彩妆 化妆技巧 美甲彩绘 健康 养生保健 营养饮食 时尚 明星 奢华 香水 试用装 互动 图片库 品牌库 论坛 专题 热点： 毛衣外套 | 围脖 | 杂志大片 | Jason Wu | 乳液 | 自制面膜 | 遮瑕 | 腮红 | 短卷发 | 假发 | 减肥茶 | 减肥操 | 减肥瑜伽 | 女性健康 | 补血 | 正大广场 &gt;&gt;更多 最佳饮食减肥计划 健康减肥过新年 [LV2010秋冬男装发布 ][10款OL绝对不能错过的魅力搭 ] 服饰 韩国服流行元素一一分解 毛线帽毛皮帽伴你过寒冬 小编教你扫清装扮搭配误区 美貌心水衣裙点亮整个冬天 时尚 大牌全新演绎豹纹新姿态 众星热捧香港秋冬时装周 范思哲早秋女装成衣发布 华润万家满200换600 护肤 混合肌选保湿乳液OR凝露 爱美网保湿面膜人气王前十 真正的美女是这样修炼而成 表里如一的肌肤保湿新体验 彩妆 0', 178, 0, 1264271066, 1264271066),
(67, '机票,特价机票,打折机票,机票预定,机票查询 酷讯旅游搜索引擎', 0, 0, 'http://www.kuxun.cn', '特价机票 机票 机票预订 打折机票 飞机票 航班信息 酒店预订 火车票 度假 自由行 旅游景点 酷讯 酷讯旅游搜索', '酷讯旅游搜索是中国领先的在线旅游搜索引擎,为用户实时提供特价机票,打折机票,特价酒店,火车票,度假等旅游信息,是您找到特价旅行信息的最佳途径,也是您出行的好助手.', ' 酷讯,旅游搜索引擎 首页 机票 酒店 度假 火车票 一起玩 Beta 登录 | 注册 酷讯房产 机票搜索 搜索百家网站特价机票 酒店搜索 帮你订到高性价比酒店 度假搜索 让你的旅行简单快捷 火车票搜索 最新的时刻表和转让票 单程 往返 出发城市 到达城市 出发日期 返程日期 酷讯搜索 实用工具：航班时刻表 | 特价机票预约 | 近期特价机票 北京-上海 未来一月最低票价行情 城市 入住日期 离店日期 价格区间 不限 200元以下 200-400元 400-600元 600元以上 位置/酒店名称 酷讯搜索 共搜索到1661 家北京酒店 价格 : 200元以下 200-400元 400-600元 星级 : 经济型 (443家) 三星级 (375家) 四/五星级 (394家) 品牌 : 莫泰 汉庭 7天 位置 : 王府井 (50家) 潘家园 (44家) 北京站 (41家) 亚运村 (35家) 东四十条 (35家) 宣武门 (30家) 动物园 (29家) 大观园 (28家) 国贸CBD (28家) 景点 自由行 旅游团 目的地或景点 关键词提示：三亚、马尔代夫、海滨、古城 酷讯搜索 实用工具：', 84, 0, 1264271068, 1264271068),
(68, '酷我音乐 酷我音乐盒2010正式版 官方下载', 0, 0, 'http://www.kuwo.cn', '', '', ' 音乐 歌单 贴吧 明星 新闻 MV 图片 帖子 用户 日志 首页 排行榜 歌手 歌单 空间 贴吧 娱乐 游戏 软件 酷我音乐盒： 答疑 帮助 下载 最新专辑 热门 华语 欧美 日韩 最新歌曲 最热歌曲 更多&gt;&gt; 万凸3 大嘴巴 2010年01月23日 我的秘密情人(新歌b 爵士 舞曲 民谣 古典音乐 [热门歌手 ] 周杰伦 凤凰传奇 郑源 刘德华 张学友 邓丽君 萧亚轩 蔡依林 更多 内地新歌 港台新歌 01 全城热恋(试听版) BOBO组合谭晶 03 不倒翁 冯晓泉冯天一 04 多好啊 羽泉小娟 05 为爱而歌 Sara 06 确定一定以及肯定 王冰洋 07 爱上你没道理 孙悦 08 宝贝你听到了么 水木年华 09 如果爱你是我犯的罪 长春虫子 10 你还欠我一个拥抱 后弦Mr. Hudson 06 I Want To Know What Love Is Mariah Carey(玛利亚.凯莉) 07 My Girlfriend Sean Kingston 08 Bye Bye Love Backstreet Boys(后街男孩) 09 If You Want Me To Stay Ne-Yo 10 try try try jason mraz 01 死也不能放开你 2AM 02 I’m a Loner ', 219, 0, 1264271071, 1264271071);
INSERT INTO `kuaso_links` (`link_id`, `title`, `tuiguang`, `site_id`, `url`, `keywords`, `description`, `fulltxt`, `pagesize`, `level`, `updatetime`, `addtime`) VALUES
(69, '酷狗音乐首页_酷狗音乐2010正式版下载', 0, 0, 'http://www.kugou.com', '酷狗 酷狗软件 酷狗下载 酷狗音乐2010 酷狗2010 酷狗音乐2009 酷狗2009 酷狗音乐2008 酷狗2008 免费 下载 KuGou Kugoo 酷狗音乐盒', '酷狗官方首页(KuGou / KuGoo)。酷狗音乐软件是全球最受欢迎的免费音乐下载播放软件，强大的流行音乐搜索、高速的音乐下载、完美的音乐播放为你带来美妙的音乐体验。酷狗音乐软件下载，酷狗2010，酷狗2009，酷狗2008，KuGou下载,免费下载,酷狗音乐盒', '? 登录 | 注册 | 客服 首页 正版音乐 酷狗游戏 酷狗叮咚 酷狗电台 音乐硬盘 视频 论坛 帐 号： 密 码： 注册 快讯-酷狗发布中老年音乐软件皮肤 版本： 酷狗音乐2010正式版(6.109) 日期： 2010-1-19大小： 6.18MB 平台： 98/ 2K/ XP/ 2003/ Vista/ Win7 · 酷狗音乐2008 · 酷狗音乐360安全版 · 酷狗叮咚2.2正式版 酷狗音乐2010正式版特色 占用资源极少 启动速度更快，内存及资源占用更少，软件更稳定； 独创的动感歌词 卡拉OK歌词技术，支持独有的歌词逐字精准显示； 搜索结果智能化 歌曲搜索准确度，支持智能匹配搜索结果； 音乐指纹应用 独创的指纹技术，支持智能重命名歌曲及歌曲“身份”识别； 完美音乐播放 兼容所有音频文件，超完美音质，音乐播放更动听； 新增加HTTP协议支持 HTTP协议和HTTP代理和中转机制，适应更多的网络情况。 酷狗荣誉 编辑推荐奖 用户选择奖 装机必备奖 网友选择奖 最受欢迎奖 2010正式版的进步 · 全面兼容windows 7特性； · ', 25, 0, 1264271073, 1264271073),
(70, '酷6网 第一视频分享门户', 0, 0, 'http://www.ku6.com', '视频 在线观看 最新视频 最热视频 视频播客 视频分享', '酷6网是国内最大的视频分享网站，也是中国最大的视频媒体平台，免费提供视频播客、视频分享、视频搜索等服务，可在线观看最新、最热的视频，凭借内容最全、速度最快、视觉最好三大特色，在国内网络视频领域独树一帜。', ' 注册 |登录 |帮助 最热 高清影院 空间 群组 极速酷6 视频 视频 专辑 影视 会员 排行榜 | 高级搜索 热搜： 小娘惹 锁清秋 生死线 大丫鬟 下一站幸福 点播单 首页 电影 电视剧 动漫 资讯 娱乐 体育 原创 音乐 搞笑 女生 游戏 购房 汽车 科技 教育 生活 纪录片 商城 酷6网独占今年70%国内顶级热播剧市场 酷6将不惜代价全面实现正版化，同时起诉中国最大盗版网站优酷… 视频详情&gt;&gt; 488 29103 优酷侵权酷6正版影视剧证据 含《奠基者》等热播剧 优酷盗用欧美大片版权证据 侵权《绯闻少女》等片 酷6法务总监：海淀法院1月21日正式受理优酷侵权案 热点 影视 225490 1:38 薄熙来:打黑是上级“规定动作” 75013 5:59 [酷6独家]李承鹏:南勇非真正大鱼 263156 1:22 江西男子带炸药讨薪被炸身首异处 447917 2:13 女子被疑偷窃 遭围殴牙签插手指 247318 1:26 独家:程前会张静初被抓 恐吓记者 7098814 5:14 酷6贺岁档:《锦衣卫》独家解析 71196 神隐之狼 第03话 「冲动」 105', 90, 0, 1264271075, 1264271075),
(71, '开心网', 0, 0, 'http://www.kaixin001.com', '开心网 开心网001 SNS交友 社交网站 社交网 争车位 朋友买卖 花园 菜地 开心农场 鱼塘 钓鱼', '开心网是一个在线社区,通过它您可以与朋友、同学、同事、家人保持更紧密的联系,及时了解他们的动态;与他们分享你的照片、心情、快乐。', ' 注册 ┊ 登录 ┊ 帮助 正在自动登录中... Email： 密码： 记住登录状态 忘记密码? 还没有开通你的开心账户？ 立即注册 手机登录开心网： wap.kaixin001.com 开心网 是一个社交网络，通过它您可以与朋友、同学、同事、家人保持更紧密的联系，及时了解他们的动态；与他们分享你的生活和快乐。 我们每天都在开心地进步着： 1月22日 查找朋友：改进了好友的好友的呈现 1月21日 修正了查找MSN好友的问题 1月20日 对首页性能进行了优化 给我们提意见 设为桌面图标 名人 关于我们 ┊ 诚聘英才 ┊ 联系方式 ┊ 意见反馈 ┊ 帮助中心 2007 - 2010 kaixin001.com 京ICP证080482号 ', 9, 0, 1264271076, 1264271076),
(72, '金融界:中国财经金融门户 股票-财经-理财-基金-行情-软件-商业-管理-论坛-博客', 0, 0, 'http://www.jrj.com.cn', '', '', ' 每日理财快报 手机金融界 设为首页 加入收藏夹 资讯 财经 评论 商业 汽车 房产 商旅 读书 消费 生活 理财 银行 保险 债券 信托 股票 大盘 行情 个股 新股 港股 美股 创业板 权证 基金 黄金 外汇 期货 期指 社区 论坛 爱股 爱基 虚拟炒股 视频 博客 我的金融界 理财百宝箱 沙龙 产品与服务： 免费下载 快赢 大参考 大行情 证券商城 巨灵数据库 巨灵F10 股市高手大赛 期货大赛 股票 基金 美股 港股 爱股 爱基 “深挖”上海国资整合股 已经过了股东承诺的3个月期限，后面会有… [全文 ] 中国公款消费居世界第一？ 信息平台下载：主力最新动向 七剑·翻天：第贰剑私募奇兵 视频：再跌是否构成入场机会 要闻 市场 评论 社区 首批融资融券试点指导意见发布 申请程序将启 [券商净资本门槛提至50亿 满足6大条件 试点审批条件 券商股点评 ] 国资委实施央企经济增加值考核 遏制炒房炒楼 [国企仍凶猛 中海地产59.7亿豪取北京地王 房地产业密集调控45天 ] 金融界将启动“龙', 85, 0, 1264271079, 1264271079),
(73, '激动网-中国视频门户', 0, 0, 'http://www.joy.cn', '', '', ' 独播剧场 | 好莱坞大片 | 影视穿帮 | 天天向上 | 快乐大本营 | 我爱记歌词 | 背后的故事 | 周立波清口 | 美女主播 | 股市日报 | 财经精品 | 网视联播 | 热点专题 | 世博会 第一现场 雷闻天下:安顺枪击案发言人装傻 冉雄飞做客激动网谈赌球合法化 台湾车商请观众比赛解车模内衣 暴力团伙用泼墨丢鸡蛋活埋手段讨债 周立波连线“奥巴马”讨论如何要钱 女子性感乐队劈腿吹长笛演绎古典 娱乐八卦 《熊猫人》开播周杰伦靠女人炒作？ 李小璐遭追问绯闻男友韩庚玩快闪 杨丞琳调侃汪东城 澄清与男模绯闻 热点 ： 聚焦春运 | 海地地震 | 日环食 | 逃离北上广 电影 ： 孔子 | 神秘代码 | 暮色 | 午夜出租车 | 阿凡达 电视剧 ： 新西游记 | 生死线 | 熊猫人 | 爱上琉璃苣女孩 娱乐 ： 孔子首映 | 春晚彩排 | 赵本山 | 卡梅隆金球奖 播客 ： 小沈阳 | 赵本山 | 操帝 | 街舞 | 牛人 电影 | 电视剧 《暮光之城》爱上吸血鬼 ·《夺帅》血战珍珑棋局 ·《伊莎贝拉》风流俗世情 ', 64, 0, 1264271081, 1264271081),
(74, '世纪佳缘交友网_中国最好的严肃婚恋网站', 0, 0, 'http://www.jiayuan.com', '交友; 爱情; 婚姻; 婚介; 交友中心; 世纪佳缘; 世纪家园; 复旦；小龙女;龚海燕;神经元; 上海交友; 北京交友; 广州交友; 杭州交友; 武汉交友;大连交友; 天津交友; 深圳交友; 南京交友;西安交友; 成都交友; 重庆交友; 厦门交友; 哈尔滨交友; 长春交友; 沈阳交友; 济南交友;', '世纪佳缘为单身白领提供婚恋征友服务，免费注册，免费发布、搜索征友信息。现有2100万会员，400万人已成功找到伴侣，是中国规模最大、征友效果最好的、安全、纯净的婚恋交友平台。', ' 昨日有 4,110 对会员宣布他们征友成功 我要找：女朋友 男朋友 年龄：18 19 20 21 22 23 24 25 26 27 28 29 30 31 32 33 34 35 36 37 38 39 40 41 42 43 44 45 46 47 48 49 50 51 52 53 54 55 56 57 58 59 60 61 62 63 64 65 66 67 68 69 70 71 72 73 74 75 76 77 78 79 80 81 82 83 84 85 86 87 88 89 90 91 92 93 94 95 96 97 98 99 至18 19 20 21 22 23 24 25 26 27 28 29 30 31 32 33 34 35 36 37 38 39 40 41 42 43 44 45 46 47 48 49 50 51 52 53 54 55 56 57 58 59 60 61 62 63 64 65 66 67 68 69 70 71 72 73 74 75 76 77 78 79 80 81 82 83 84 85 86 87 88 89 90 91 92 93 94 95 96 97 98 99 岁 年龄：18 19 20 21 22 23 24 25 26 27 28 29 30 31 32 33 34 35 36 37 38 39 40 41 42 43 44 45 46 47 48 49 50 51 52 53 54 55 56 57 58 59 60 61 62 63 64 65 66 67 68 69 70 71 72 73 74 75 76 77 78 79 80 81 82 83 84 85 86 87 88 89 90 91 92 93 94 ', 85, 0, 1264271083, 1264271083),
(75, 'IT168 - IT主流资讯平台', 0, 0, 'http://www.it168.com', 'IT|门户|新闻|资讯|报价|导购', 'IT168，IT主流资讯平台。以产品为核心，紧密跟踪把握并引领技术与应用新趋势，并以导购、应用为核心内容取向，提供产品报价与行情，产品评测与导购资讯。关注网友互动形成的口碑传播，并构建完整完善的用户互动平台。IT168以成为个人和企业用户首选的IT产品选购平台、交流互动平台，以及了解IT技术与应用趋势的导向参照作为自己的使命，并由此成为对IT厂商和经销商最具商业价值的网络营销平台。', ' ·IT168 ·泡泡网 ·渠道168 ·汽车之家 ·CHE168 ·ITPUB ·IXPUB ·ChinaUnix ·本友会 北京行情 上海行情 广东行情 深圳行情 东莞行情 辽宁行情 山东行情 河南行情 湖北行情 湖南行情 江苏行情 陕西行情 四川行情 重庆行情 云南行情 浙江行情 分站： 北京 上海 广东 深圳 东莞 江苏 湖北 湖南 四川 重庆 辽宁 山东 陕西 浙江 河南 云南 注册 收藏 澳信传媒旗下网站 产品报价 全国行情 商铺大全 渠道168 ┊ 评测 视频 访谈 专题 第一资讯 ┊ 论坛 Nokia论坛 ITPUB IXPUB ChinaUnix 本友会 ┊ 商铺排行榜 产品排行榜 维修 二手 个人数码 笔记本 家用电脑 手机 数码相机 办公 打印扫描 投影机 企业应用 服务器 网络通信 技术开发 安全 存储 上网本 ┊ 一体电脑 ┊ 家电 ┊ 3G ┊ 摄像机 复印复合机 ┊ 商用电脑 安防 ┊ 组网 ┊ 数据中心 ┊ 云计算 ┊ 虚拟化 ┊ 信息化 DIY硬件 主板 ┊CPU ┊内存硬盘 ┊显卡 ┊显示器 ┊键鼠 ┊机箱电源 ┊摄像头 ┊光驱 音', 202, 0, 1264271086, 1264271086),
(76, 'IP地址查询--手机号码查询归属地 | 邮政编码查询 | 长途电话区号 | 身份证号码验证在线查询网', 0, 0, 'http://www.ip138.com', 'ip IP查询 IP地址查询 ip138 网址之家', 'ip,IP查询,IP地址查询,ip138,网址之家', ' www.ip138.com 查询网 手机上网查询:wap.ip138.com → 天气预报-预报五天 → 国内列车时刻表查询 → 手机号码所在地区查询 → 阴阳转换万年历 → 汉字简体繁体转换 → 国内国际机票查询 → 手机型号大全查询 → 五笔编码拼音查询 → 在线翻译 → 货币汇率兑换 → 在线度衡量转换器 → 邮编查询区号查询 身份证号码查询验证 快递查询 EMS查询 全国各地车牌查询表 论坛转贴工具 www.ip138.com IP查询(搜索IP地址的地理位置) 在下面输入框中输入您要查询的IP地址或者域名，点击查询按钮即可查询该IP所属的区域。 IP地址或者域名： ip138专业7*24小时为您服务 注:本站的IP数据库为最新的数据库,每10天自动更新一次 欢迎各网站链接本站IP数据库,获取代码按此 如发现小部分IP查询结果不正确请到官方网站http://www.apnic.net 查询,以apnic为准。 IP查询、手机号码归属地、邮政编码、长途电话区号、身份证号码验证专业在线查询 → 手机游戏 → 诺基亚手机游戏 → 索爱', 14, 0, 1264271088, 1264271088),
(77, '凤凰网', 0, 0, 'http://www.ifeng.com', '凤凰 凤凰网 凤凰新媒体 凤凰卫视 凤凰卫视中文台 资讯台 电影台 欧洲台 美洲台 凤凰周刊 phoenix phoenixtv', '', ' 用户名 密码 注册 加入桌面 手机凤凰网 设为首页 凤凰网导航 English / 简体 /繁体 资讯 评论 国际 台湾 财经 股票 基金 理财 宽频 宽频 直播 原创 娱乐 明星 星座 汽车 购车 车吧 时尚 美容 情感 军事 观察 装备 历史 知青 密档 体育 高尔夫 社会 博报 论坛 读书 文化 佛教 公益 教育 出国 房产 家居 城市 世博 游戏 科技 彩信 彩铃 音乐 音频 凤凰卫视 节目表 主持人 内容推荐 站内 站内 站外 视频 ·领航中国全媒体联播 ·问美国人怎提高英语 ·中美金融EMBA热招！ ·7万加币全家拿绿卡 ·中国破世界软件规则 ·国际财务管理师认证 ·25元做花旗集团股东 ·风范中国 汉龙有约 ·清华矿业投资班热招 ·美国管理会计师:CMA ·加国移民零风险投资 ·新加坡南洋理工EMBA ·上海交大国际总裁班 ·09幸福财富人物评选 ·18岁少女暴富秘密！ ·公司招聘，中介勿扰 ·做别人没想到的生意 ·视频只看最&quot;牛&quot;的! ·凤凰·淘宝财经上线 ·凤凰卫视立即网上看 ·暴雪考验', 210, 0, 1264271092, 1264271092),
(78, '', 0, 0, 'http://www.icbc.com.cn', '', '', ' ', 2, 0, 1264271094, 1264271094),
(79, '金鹰网_第一网络娱乐生活平台', 0, 0, 'http://www.hunantv.com', '', '', '11b14 设为首页 加入收藏 金鹰娱乐 芒果TV 芒果圈 金鹰无线 湖南卫视 国际频道 新用户注册 登录 首页 新闻 图片 明星 电视 电影 综艺 音乐 访谈 娱评 短片 整集 直播 芒果圈 论坛 快乐城堡 关键词： 金鹰飞报： 【快女】 江映蓉 李霄云 黄英 郁可唯 刘惜君 谈莉娜 曾轶可 潘辰 潘虹樾 李媛希 【专题】 快乐大本营 背后的故事 节节高声 娱乐无极限 一呼百应 天天向上 勇往直前 后退 暂停 前进 娱 乐 新 闻 快女昆明签售向海地献爱心 巡演今晚开唱 1月22日，江映蓉、李霄云、黄英、曾轶可等为演唱会飞抵昆明，签售时快女纷纷向海地地震献爱心。 李霄云禁大鱼大肉 曾轶可和神秘男共进午餐 韩庚公布卖身契不公正规定 罗海琼今日与华谊高层结婚 超女魏佳庆杨丞琳日本建组合 宋祖英回乡助阵湖南卫视春晚 李亚鹏王菲夫妇沪上捞重金 传陈乔恩欲自立门户做制片人 小S自信老公不花心婚姻幸福 刘若英与张学友谈情默契十足 张杰加盟《8090》主持阵容 春晚节目曝光王菲唱《传', 67, 0, 1264271095, 1264271095),
(80, 'Object moved', 0, 0, 'http://www.hotmail.com', '', '', ' Object moved to here . ', 0, 0, 1264271098, 1264271098),
(81, 'NBA|虎扑NBA—可能是最好的NBA网站', 0, 0, 'http://www.hoopchina.com', '', 'NBA，虎扑NBA中文网是NBA为主的专业篮球网站，专注于原创的NBA新闻，图片，最全的NBA直播，视频，数据分析等深入内容，含NBA，CBA，街头篮球，篮球鞋装备，约战和游戏，良好氛围的社区拥有NBA火箭姚明，科比湖人，易建联篮网等全部NBA球队论坛.', ' 首页 新闻 比赛 直播 视频 图片 下载 数据 资料 选秀 CBA 游戏 草根 鞋柜 论坛 卡路里商城 足球 彩票 F1 NBA新闻 CBA新闻 WNBA新闻 选秀新闻 装备新闻 每日NBA赛事报道中心 2009-10赛季NBA赛程 NBA直播首页 火箭直播 湖人直播 篮网直播 CBA直播 视频首页 比赛 火箭 湖人 骑士 魔术 篮网 诸强 历史 CBA 街球 周边 标签 专辑 热门 新鲜 图片首页 壁纸 漫画 性感 经典 乔丹 麦迪 科比 姚明 最新 标签 09-10赛季球员数据排行 09-10赛季球队数据排行 球队资料 球员资料 NBA转会签约一览 CBA首页 新闻 赛程 赛事 直播 视频 球员资料 球队资料 图片 NBA2K10首页 NBA2K专区 补丁下载 心得交流 街球专区 街球视频 同城约战 上海专区 北京专区 匹克篮球公园 鞋柜首页 装备专区 运动装备交易 球衣区 潮物小玩 卡路里正品商城 论坛首页 火箭专区 湖人专区 篮网专区 篮球场 篮球视频 篮球图片 步行街 热门好帖 热门日志 新货上架 买一送一 NBA正品球衣 特价篮球鞋 专业护具', 108, 0, 1264271100, 1264271100),
(82, '', 0, 0, 'http://www.hongxiu.com', '', '', '嬡}éoW栵??wLl致ナ±9饞台è?檦ó衕擠It(R-Q^zz?`?÷U畉lK?J¤拻(±膤)夀?布痲糄秱wO-d慤Y$誑彂P潘猻蟰淆輘?哥豲弤ù&gt;?鱼ê祂&gt;??傀ì¨F籓§?銺濐貤??痏??鴡Lóe颗1`s贉媇§?7Z嵍清ê;犛潔.EY$ヅ;乫ê§餰?貲U淗Eu鳨W/ú疐訚y;u軀n只áy?§j{j`槀j杚V?x8¨箹 h蓶]H?秮鏘?ò錆H0檘輜谷òí?棑矰慛墌[囁拗;型W觾兙?p波簱iFpd鬑慍±RN雸獬8hkw9$9^TíoPég衵愶鮗]凖M椗&gt;`齲?摏帹え皥诡ADùP夁*Zz鋭?吁Yo÷?惼a=?苓o9偷?ü?关袿?éá?{拧聀e嶑畔幃l??h?B&quot;¨$úz?§顃?q偫?┣哥G d?{朑_幱┯?刓蕦绋龚很úX龌鸬éoc廝恰?×膈C浆PF×棾BHY檢秝qf3un}窾u摃u倡Iwê跻濆±芦@nmc钲滤ì麆9I程ùj恕?@嚒桦qt/?鼍鐈`槄塄粹猫≒|{éê钴緡鉶q圹糋龣s儜膱ⅰ甊皓2汐x?±èk暡@儩X^椙怢鎛2&gt;恷r4t_^焹??ê埶+欽缙×庸セ^渤聒倚糈??M¤痭亁U?藀磻怤洳p55?婯d[jES蓨滮¤m¤硴[Q -儐X?I鸃 奱IBùüom愬k?ú敟!?Q挦8(勂柳?鵁', 49, 0, 1264271102, 1264271102),
(83, '和讯首页—中国财经网络领袖和中产阶级网络家园', 0, 0, 'http://www.hexun.com', '财经|股票|基金|期货|理财|行情|金融|债券|股指期货|外汇|保险|银行|黄金|博客|股吧', '和讯网-中国财经网络领袖和中产阶级网络家园，创立于1996年，是中国最早而且最大的财经门户网站，为您全方位提供财经资讯及全球金融市场行情，覆盖股票、基金、期货、股指期货、外汇、债券、保险、银行、黄金、理财、股吧、博客等财经综合信息', ' 和讯网 设为首页 手机版 邮件订阅 RSS订阅 邮箱 新闻 时事 评论 人物 股票 行情 直播 数据 基金 净值 排行 评级 房 产 汽车 科技 创业板 新股 权证 期 货 股指期货 理财 银行 保险 奢侈品 港股 美股 全球 B股 外汇 美元 黄金 债券 和讯视点 财视 视频课堂 公 司 财报 研究 评级 商学院 读书 Ａ股超市 博客 家园 朋友圈 相册 转帖 3G 股吧 论坛 基金吧 沙龙 我的理财 软件服务 涨 ||| 投资日报 培训课程 宏观数据 交易提示 早盘指南 券商晨会 行情直播 资金流向 多空解密 个股推荐 关注度 龙虎榜 主力数据 千股宝典 解禁备忘 基金数据 期货持仓 积分商城 年报10送10有哪些股？ 全国理财大赛火热进行 财经中国年会嘉宾征集 新一代奔驰E级轿车 每日实时跟踪潜力牛股 五虎上将 虎年显神威 不要让炒股输在没工具 【亚太】沪指3128.59 -30.27深成指12595.94 -321.21 【亚太】恒指20726.18 -136.49台湾加权7927.31 -200.56 【亚太】日经22510590.55 -277.86韩国KOSPI', 131, 0, 1264271105, 1264271105),
(84, '::::北京市工商局:::::', 0, 0, 'http://www.hd315.gov.cn', '', '', ' English 设为首页 加入收藏 网站导航 我局新版“企业信用信息查询系统”已正式开通运行，欢迎您使用！同时，原“北京市企业信用信息系统”及“北京市企业信息查询系统”自即日起停止服务。 站内检索 -选择所有栏目- 政务公开 新闻中心 食品安全 消保维权 网上办事 政民互动 今天是 更多 ·本市第十五批电动自行车产品目录 ·北京市工商行政管理局2009年度个体工商户验... ·《北京市婚纱摄影服务合同》10月1日正式推行 ·《北京市工商行政管理局电子政务行动纲要》... ·北京市工商行政管理局公告 食品下架名单 商品质量检测 业务动态 热点分析 ·食品安全信息（2010年1月20日） ·食品安全信息（2010年1月13日） ·食品安全信息（2010年1月6日） ·食品安全信息（2009年12月30日） ·北京市工商局对流通领域汽配商品质量监测结... ·北京市工商局对流通领域饮水机内胆质量监测... ·北京市工商局对流通领域计算机配件商品质量... ·北京市工商局对流通领域纸', 117, 0, 1264271107, 1264271107),
(85, 'hao123－－我的上网主页', 0, 0, 'http://www.hao123.com', '', 'hao123网址之家——最专业权威的上网导航。及时收录包括音乐、视频、小说、游戏等热门分类的优秀网站，与搜索完美结合，提供最简单便捷的网上导航服务，是数千万网民的上网主页。精彩网络生活，从hao123开始。', ' 把hao123设为主页 主页修复 我的hao123 反馈 帐号 邮箱 --请选择-- @163.com 网易 @126.com 网易 登录百度 人人网 @Sina.com 新浪 @Yahoo.com.cn @Yahoo.cn @Sohu.com 搜狐 @Tom.com @21cn.com @Yeah.net 51.com 天涯社区 ChinaRen 以下请在弹出页登录↓ QQ空间 @qq.com @Gmail.com @Hotmail.com @139.com 开心网 密码 登录 网 页 MP3 视 频 图 片 贴 吧 知 道 新 闻 地 图 更 多 空 间 百 科 有 啊 财 经 词 典 挑错有礼 百度一下 我喜欢的网站： 我定制的网站： 生活服务 购物 彩票 查询 天气 股票 基金 银行 旅游 房产 菜谱 汽车 地图 健康 宠物 女性 时尚 儿童 电视 移动 手机 大学 招聘 职业 爱好 娱乐休闲 音乐 视频 游戏 电影 新闻 小说 军事 图片 动漫 星座 体育 NBA 交友 明星 社区 地方网站 北京 上海 广东 湖北 山东 广西 湖南 四川 江苏 河南 河北 山西 浙江 辽宁 安徽 福建 陕西 黑龙江 更多 其他 软件 邮箱 空间 杀毒 闪游 硬件 桌面 聊天 摄影', 30, 0, 1264271109, 1264271109),
(86, '中华人民共和国中央人民政府门户网站', 0, 0, 'http://www.gov.cn', '', '', ' 中文简体 | 中文繁体 | English | 图片 | 视频 | 搜索 本网站搜索 国务院公报检索 政府网站搜索 图片搜索 文档搜索 | 邮箱 本网首页 今日中国 中国概况 国家机构 政府机构 法律法规 工作动态 公文公报 政务互动 政府建设 人事任免 新闻发布 部门服务 更多图片 &gt;&gt; 视频节目 &gt;&gt; 热点专题 &gt;&gt; 防控甲型H1N1流感 庆祝新中国成立60周年 国务院第五次全国民族团结进步表彰大会 中国2010年上海世界博览会 第19个全国“土地日” 深化医药卫生体制改革 历史上的今天 &gt;&gt; 1月24日：西双版纳傣族自治州成立 1月23日：中国公布首例确诊高致病性禽流感疫情 网站导航 地方概览 &gt;&gt; 公益信息 天气 航班 景区 宾馆 价格 空气 水质 火车 水雨情 年度统计公报 &gt;&gt; 网上调查 &gt;&gt; 低碳经济与生活调查 证监会就建股指期货投资者适当性制度规定征意见 信访之窗 信访法规 信访指南 工作机构 工作动态 中国要闻 |领导活动 |中外交往 |图片图表 |视频报道 中共中央国务院在北京召开第五次西藏', 95, 0, 1264271111, 1264271111),
(87, '狗狗首页', 0, 0, 'http://www.gougou.com', '', '', ' 花木兰 赵薇洗澡片段曝光 迅雷旗下 网页 全部 影视 在线视频new 手机视频 高清 音乐 书籍 更多 图片 游戏 软件 全集 狗狗搜索 有奖反馈 全部 BT 电驴 影片信息(按演员、导演、片名) 今日热片 爱很复杂 姐弟恋 末日危途 严肃的男人 听说 少女初体验 极速赛车5:山路王 可爱的骨头 火星没事 阿凡达 在云端 时间旅行者的妻子 热搜 阿凡达 十月围城 神话 2012 末日危途 姐弟恋 下一站幸福 排行 热门电影 最新电影 热门剧集 热门动漫 热门综艺 热门单曲 专题 《2009年度网友不可错过的影视娱乐作品》 1/1 把狗狗设为主页 | 下载迅雷 | 免责声明 | 有害内容举报 | 共建文明和谐网络 | 迅雷联盟 2010 GouGou 电信增值粤B2-20050219号 粤ICP备09032831号 ', 29, 0, 1264271113, 1264271113),
(88, 'Google', 0, 0, 'http://www.google.cn', '', '', ' 网页 图片 视频 地图 资讯 音乐 问答 来吧 更多 iGoogle 个性化首页 | 搜索设置 高级 语言 海地抗震救灾：信息、资源及援助方式 。 加入营销计划 - Google 大全 - Google.com in English 2010 - 隐私权政策 - ICP证合字B2-20070004号 ', 6, 0, 1264271114, 1264271114),
(89, '', 0, 0, 'http://www.ganji.com', '', '', '', 0, 0, 1264271115, 1264271115),
(90, '', 0, 0, 'http://www.funshion.com', '', '', '', 189, 0, 1264271118, 1264271118),
(91, '中国移动飞信', 0, 0, 'http://www.fetion.com.cn', '飞信、中国移动飞信、飞信官网、免费短信、飞信下载、飞信客户端、飞信帮助、飞信活动', '飞信官网作为中国移动用户飞信业务的官方网站，提供飞信产品的下载、入门、答疑等服务和支持。提供飞信用户在互联网上的博客、相册、群组等延伸功能。', ' 中国移动飞信 进入我的空间 登录 | 注册 首页 空间 群组 群展示 活动场 论坛 活动 下载 PC客户端 手机客户端 壁纸 表情 头像 产品服务 了解飞信 帮助中心 安全专区 飞信会员 飞信靓号 提供更优化的飞信功能或服务体验。 立即进入&gt;&gt; 为用户提供实用、易 记、超炫的靓号。 立即进入&gt;&gt; 企业版 个人中心 企业无缝、有序的沟 通新方式。 立即进入&gt;&gt; 您可以： -管理飞信个人资料 -设置安全状态 立即进入&gt;&gt; V3.5.2安全加强版 更多 飞信系统升级公告 关于&quot;非常6+1&quot;获奖信息声明 教您识别和举报飞信上的诈骗信息 资费 | PC疑难 飞信用户体验中心，是为每一位飞信用户进行产品体验和反馈的互动平台。 马上体验 您的空间开通了吗？ 君子 未知|玉林 忘忧草 男|无锡 乖静 未知|东莞 mighty 未知|荆州 随缘 未知|北京 Ｋ 男|潮州 果果子 女|深圳 Smile★痞子 男|天津 筱筱 女|南京 佳林 男|惠州 蛛蛛 女|中山 寒冰 未知|太原 伊伊 女|荆州 々石头城々 男|保定 忆殇 未知|杭州', 32, 0, 1264271120, 1264271120),
(92, '酒店预订及点评,国内外特价机票,权威旅游网及旅游指南–elong.com艺龙旅行网', 0, 0, 'http://www.elong.com', '酒店预订 酒店点评 艺龙 艺龙旅行网 旅游 旅游网 机票 旅游指南 ', '艺龙旅行网是国内领先的在线旅游公司之一，提供数万家酒店的优惠预订服务及用户点评，同时提供国内外特价机票查询预订、旅游指南、打折商户、旅行电子地图等全方位旅游服务。 ', ' 首页 国内酒店 港澳台酒店 国际酒店 酒店点评 国内机票 国际机票 自由行 旅游指南 旅游社区 积分广场 | 24小时服务热线：4006-161616 [登录 |注册 ] 我的帐户 |帮助中心 查询酒店/机票 酒店 机票 机票+酒店(自由行) 国内酒店 港澳台酒店 海外酒店 国内机票 国际机票 单程 往返 城 市： 入住日期： 离店日期： 价格范围： 不限 800以上 600--800元 400--600元 250--400元 250以下 酒店名称： 酒店靠近： 航程类型： 单程 往返 多程 单程 往返 出发城市： 到达城市： 到达城市： 出发日期： 返程日期： 出发城市： 到达城市： 出发日期： 舱位等级： 经济舱 商务舱 头等舱 送票城市： 出发城市： 到达城市： 出发日期： 返程日期： 入住日期： 离店日期： 人 数 ： 1 2 3 4 5 6 7 8 9 成人 0 1 2 3 4 5 6 7 8 儿童(2~12岁) 房间数： 1间 2间 3间 4间 5间 只有部分日程要住酒店 只搜索直飞航班 多于9人或5间房请填写《需求单》 并在“特殊需求”栏说明对酒店的需', 101, 0, 1264271122, 1264271122),
(93, '东方财富网：中国访问量最大影响力最大的互联网财经媒体 _ 股票 _ 行情 _ 财经 _ 证券 _ 金融 _ 基金 _ 博客 _ 论坛', 0, 0, 'http://www.eastmoney.com', '股票 财经 证券 金融 港股 行情 基金 债券 期货 外汇 保险 银行 博客 股吧 论坛 stock quote news fund bank blog bbs', '东方财富网，中国最具影响力的互联网财经媒体，提供全方位的综合财经新闻和金融市场资讯，覆盖股票、财经、证券、金融、港股、行情、基金、债券、期货、外汇、保险、银行、博客、股吧、论坛', ' 设为首页 加入收藏 天气预报 登录 用户名 密码 通行证 旗下网站： 股吧 天天基金网 手机站 财经 要闻 评论 国内 国际 专题 基 金 净值 估值 排行 筛选 理财 银行 债券 保险 私募 股吧 博客 论坛 汽 车 股票 行情 直播 必读 数据 新股 市 场 大盘 板块 内参 行业 个股 点睛 评级 公告 提示 研究 机构 名家 晨 会 全球 美股 港股 外汇 期货 黄金 创业板 权证 B 股 三板 期指 商业 产经 公司 人物 曝光 学校 教育 搜索 计算器 股市播报 新股申购 公告大全 年报大全 解禁一览 大宗交易 龙虎榜单 全球股市 期货行情 基金净值 基金估值 理财产品 金融终端 新一代奔驰E级轿车 领涨板块一览（名单） 最新每日大宗交易数据 经济、金融数据一览表 爱帮网：本地生活指南 大资金流出实时监控中 进东方财富网路演中心 指数 个股 板块 排行 权证 基金 创业板 港股 美股 外汇 自选股 自选基金 查行情 进股吧 搜资讯 高速行情 全球股市行情 道琼斯 10172.98 ↓-216.9 ↓-2.09%', 161, 0, 1264271124, 1264271124),
(94, '上海生活信息,促销·优惠券·活动,上海地图,上海公交,自驾车--丁丁网（原丁丁地图）', 0, 0, 'http://www.ddmap.com', '上海地图 公交 电子地图 公交线路 结婚 装修 旅游 驾校 餐厅美食 娱乐休闲 促销折扣 优惠券', '丁丁网（原丁丁地图）提供上海全面的生活信息(结婚、装修、旅游、驾校、餐厅美食、娱乐休闲、促销、活动、优惠券等)，及详尽的上海地图、公交线、公交换乘、自驾车/出租车线路、门牌号码等地图服务。丁丁网是中国最大最好的基于位置的本地生活信息门户；生活在上海，就用丁丁网。', ' [上海站] 天气 | 收藏 | 设为首页 | 用户登录 首页 | 生活频道 | 结婚 装修 旅游 美食 休闲娱乐 购物 开车学车 母婴健康 培训教育 酒店 促销·优惠券 | 活动 生活消费券 | 盯盯上海 | 问吧 | 论坛 | 更多 促销优惠券 找房产 找工作 找活动 上海地铁 停车场地图 上海电子警察分布地图 上海公交 上海地图 生活指数排行榜 帮助中心 [关闭] [关闭] [关闭] 在 附近 找 常用搜索 川菜 湘菜 SPA 美发 桑拿 酒店 度假村 桌游 火车票 火锅 本帮菜 KTV 浴场 优惠券 宾馆 婚纱照 数码城 邮局 烧烤 料理 夜宵 按摩 电影院 旅游 商场 超市 摄影工作室 结婚 旅游 美食 购物 娱乐 医疗 汽车 培训 保健 热门搜索 85度C面包 家纺特卖 蔚蓝海岸2880元起 久光百货特卖 宜家打折 麦当劳 京世造型 上海燃气网点 旋宫50海鲜 咖啡文化 肯德基 天目温泉198元 平安信用卡优惠 G3手机嘉年华 钱柜欢唱 如家酒店 风雷驾校3599 白金装饰送液晶电视 崇明岛地图 宝宝怪照 最优推荐 地铁优先 只', 65, 0, 1264271128, 1264271128),
(95, '&#21040;&#21040;&#32593;-&#37202;&#24215;&#28857;&#35780;,&#26053;&#28216;&#26223;&#28857;,&#26426;&#31080;&#26597;&#35810;,&#29305;&#20215;&#26426;&#31080;,&#26053;&#28216;&#25915;&#30053;', 0, 0, 'http://www.daodao.com', '&#37202;&#24215;&#28857;&#35780; &#26053;&#28216;&#26223;&#28857; &#26426;&#31080;&#26597;&#35810; &#29305;&#20215;&#26426;&#31080; &#26053;&#28216;&#25915;&#30053;', '&#21040;&#21040;&#32593;&#33268;&#21147;&#20110;&#25552;&#20379;&#37202;&#24215;&#28857;&#35780;,&#26053;&#28216;&#26223;&#28857;&#35780;&#35770;,&#26426;&#31080;&#26597;&#35810;,&#29305;&#20215;&#26426;&#31080;&#20449;&#24687;,&#26053;&#28216;&#25915;&#30053;,&#20840;&#21147;&#25171;&#36896;&#20013;&#22269;&#26368;&#22823;&#26053;&#28216;&#31038;&#21306;&#32593;&#31449;,&#20026;&#20013;&#22269;&#30340;&#26053;&#34892;&#32773;&#25552;&#20379;&#21450;&#26102;&#12289;&#21487;&#20449;&#30340;&#20840;&#29699;&#21270;&#26053;&#28216;&#20449;&#24687;&#12290;&#25104;&#20026;&#20840;&#29699;&#26368;&#22823;&#30340;&#20013;&#25991;&#26053;&#28216;&#22402;&#30452;&#23186;&#20307;&#32593;&#31449;&#12290;', ' 我们不支持您使用的这种浏览器。到到网站可能不能正常显示。 我们支持以下浏览器: Windows: Internet Explorer ,Mozilla Firefox . Mac: Safari . 登录 立即加入 注册后您可以： 分享你的故事 保存您最喜欢的地方并计划您的下次旅行 与其他旅行者联系 获得最新特价旅游信息 立即加入 已注册请登录 登录 首页 酒店评价 机票比价 旅行指南 到到问答 写点评，赢大礼 策划您的完美旅行！ 酒店 旅行指南 到到问答 全球40万家酒店 超过3000万条点评 查找旅行者信任的酒店 城市 价格 0-200元 201-500元 501-1000元 1000元以上 不限 酒店类型 2星以下 3星 4-5星 经济酒店 客栈/青年旅舍 查找酒店 精彩专题 揭晓中国口碑最佳的酒店 缤纷新年礼，哪一&quot;秒&quot;属于你 新年写点评 千元路费轻松赢 搜搜上海好去处 蜀风蓉城 酒店总动员 北国海城 魅力大连 全球68,000个城市 超过90,000个景点 中国地区 拉萨 哈尔滨 北京 敦煌 青岛 西安 九寨沟 上海 黄山 丽江 香港 三亚 城市直接', 74, 0, 1264271130, 1264271130),
(96, '大街网【招聘网】- dajie.com 中国最先进的大学生求职互动平台', 0, 0, 'http://www.dajie.com', '', '', ' 招聘项目 1月21日名企校园招聘信息汇总 1月21日名企实习招聘信息汇总 中国建设银行重庆市分行2010柜员招聘 宝马中国2010技术培训生校园招聘 淘宝网2010春季校园招聘 衣恋集团2010补充校园招聘 中国石油化工广西石油分公司2010校园招聘 安徽省电力2010校园招聘 更多 &gt;&gt; 重磅推荐 2010校园招聘频道 砸杯具抢新年礼物活动火热上线 2010校园招聘名企笔试经验全汇总 2010校园招聘名企面试经验全汇总 各大名企2010校园招聘信息汇总 各大名企薪酬福利待遇汇总查询 名企2010校园招聘职位全汇总【每日更新】 中国银行2010年校园招聘各分行进度一览表 更多 &gt;&gt; 加入大街网 只花30秒，让好工作近在咫尺！ 登录大街网 邮件地址： 密 码： 下次自动登录 忘记密码 大街网与你共同进步 推出大街网职业兴趣评测 12-12 推出“求职宝库”资料下载 9-25 企业CLUB增加企业对话 9-21 大街网 ?2009 京ICP证090373号 关于 | 企业招聘 | 城市招聘 | 行业招聘 | 笔经汇总 | 面经汇总 | ', 18, 0, 1264271132, 1264271132),
(97, '携程旅行网: 酒店预订, 机票预订, 旅游度假, 商旅管理', 0, 0, 'http://www.ctrip.com', '酒店预订 机票预订 旅游度假 商旅管理 酒店预订 机票预订 航班查询 电子客票 机票 酒店 旅行', '携程旅行网是中国领先的在线旅行服务公司，向超过1400万会员提供集酒店预订、机票预订、度假预订、商旅管理、特惠商户及旅游资讯在内的全方位旅行服务。', ' 繁体版 English 登录 ┆ 注册 ┆ 合作卡 首页 国内酒店 海外酒店 国内机票 国际机票 旅游度假 特惠精选 商旅管理 目的地探索 社区 特约商户 800-820-6666 400-820-6666 订单管理 个人信息 积分奖励 个人主页 帮助中心 输入中文/拼音或在下列关键字中选择 国内度假 海外度假 您的喜好 北京 上海 广州 深圳 杭州 成都 南京 青岛 厦门 武汉 沈阳 济南 宁波 无锡 温州 天津 重庆 西安 郑州 福州 昆明 长沙 开始您的旅程 自由·机+酒特惠 更实惠·更便捷 航程类型往返 单程 * 出发城市 * 目的城市 * 出发日期 返回日期 乘客人数 1 2 3 4 5 6 7 8 9 送票城市 乘客类型成人 儿童 婴儿 高级查询 国内酒店 海外酒店 * 城市 * 入住日期 * 离店日期 价格范围不限 RMB 250以下 RMB 250-400 RMB 400-600 RMB 600-800 RMB 800以上 * 入住间数 1 2 3 4 5 6 7 8 酒店名(中文或汉语拼音首字母) 高级查询 海外酒店 常住酒店 数千条度假线路供您选择 * 出发地 * 目的地 签证 邮轮', 65, 0, 1264271134, 1264271134),
(98, '', 0, 0, 'http://www.cntv.cn', '', '', ' ', 0, 0, 1264271135, 1264271135),
(99, '招商银行 --\r\n	一网通主站', 0, 0, 'http://www.cmbchina.com', '', '', ' 人才招聘 客服在线 服务网点 资产处置 主站 信用卡 95555 私人银行 财富账户 VIP尊享 托管银行 企业年金 证券 基金 外汇 黄金 保险 理财产品 商城 房城 社区 主 页 个人业务 公司业务 招行信息 投资者关系 分行主页 永隆银行 English 关于网上银行系统维护的通知 招商银行博士后公开招聘公告 华夏合并中信基金整合完毕公告 专业版转账汇款身份验证通告 基金投资者调查问卷兑奖公告 一卡通 金葵花理财 伙伴一生 个人贷款 储蓄业务 居家生活 投资理财 电子银行 网上个人银行 客户服务 重点推介 网上个人银行推介 一网通支付 专业版转帐汇款 免驱动移动数字证书 网上个人银行安全指引 个人业务数据发布 · 外汇实时汇率 · 黄金市场行情 · 基金净值 · 存款利率 · 贷款利率 · 理财计算器 · 资费标准 · 国债柜台交易报价 · 日日金理财产品 · 日日盈系列 · QDII全球基金精选系列 · 周周发理财产品 · 岁月流金理财产品 热销基金 友邦华泰增利B(460003) 富', 115, 0, 1264271138, 1264271138),
(100, '中国人才热线', 0, 0, 'http://www.cjol.com', '', '', ' 求 职 招 聘 培 训 校园招聘 新资本 个人简历注册 中国人才热线诚聘 猎头顾问 2009最新、最热销售职位大集合 2009 你在职场还好吗？ 2010年3月6日 “金领世界”高级人才招聘会 求职简历十大致命伤 36%相片不合适 粤ICP证010161 关于我们 | 联系我们 | 网站导航 备案号： 粤B2-20050198号 求职 、招聘 --中国人才热线 保留全部权利 1998 - ', 12, 0, 1264271139, 1264271139),
(101, '中国移动通信', 0, 0, 'http://www.chinamobile.com', '中国移动 中国移动通信 中移动 中国移动通信集团公司 手机 全球通 神州行 动感地带 集团客户 08奥运合作伙伴 gotone easyown m-zone infowin', '中国移动通信集团公司，是中国规模最大的移动通信运营商，主要经营移动话音、数据、IP电话和多媒体业务，并具有计算机互联网国际联网单位经营权和国际出入口局业务经营权。', ' Logo 设为首页 | 帮助信息 | 套餐 飞信 上网本 网站群链接 安徽公司 北京公司 重庆公司 福建公司 甘肃公司 广东公司 广西公司 贵州公司 海南公司 河北公司 河南公司 黑龙江公司 湖北公司 湖南公司 江苏公司 江西公司 吉林公司 辽宁公司 内蒙古公司 宁夏公司 青海公司 山东公司 陕西公司 山西公司 上海公司 四川公司 天津公司 新疆公司 西藏公司 云南公司 浙江公司 chinamobileLTD 中国移动设计院 中国移动研究院 中国移动通信集团 首页 移动品牌/产品 最新动态 网上营业厅 服务与支持 移动特辑 手机天地 关于中国移动 积分商城 不换号 轻松畅享3G生活 不用换手机号，不用换SIM卡，不用到营业厅登记办理业务，即可直接升级3G。 中国移动G3专区 第二届模拟炒股大赛开战 股神争霸分享600万实盘资金操作权！马上加入，还有G3上网本、G3手机等丰厚奖品等你拿！ 下载手机证券软件 手机主题 - 缤纷KITTY - 眸 - 可爱小熊猫 - 粉色系 - 拥抱大自然 - 亲亲我的小宝贝 -', 55, 0, 1264271141, 1264271141),
(102, 'Object moved', 0, 0, 'http://www.chinahr.com', '', '', ' Object moved to here . ', 0, 0, 1264271143, 1264271143),
(103, '中国网--网上中国', 0, 0, 'http://www.china.com.cn', '', '', ' | | | | | | | | | 中国工会 | 中国电大 | 能源中国 | 中国译协 | 中国民族 | 阳光中国 | 地产中国 | 公益中国 | 中国供应商 | 发展门户 中国人口 | 中国家教 | 视讯中国 | 考评中心 | 风采中国 | 联盟中国 | 投资中国 | 今日中华 | 妇儿博物馆 | 消防在线 定制 中国图库 社区论坛 天气预报 快 讯 ： ·全国30%基层医疗机构2月底前实施基本药物制度 ·网络商品交易和服务监管办法尚在调研论证 ·长沙企业每引进一高端人才 政府奖励一百万元 ·俄罗斯总理普京称要在北高加索建立经济特区 ·美国消防队员救落水狗被严重咬伤 50人现场救狗 ·以色列就加沙冲突中给联合国造成损失赔1050万 ·重庆打掉一流窜盗窃犯罪团伙 8天内曾作案60余起 ·哈尔滨一床垫加工厂发生火灾 三层小楼烧毁(图) ·新型救助直升机列编东海第二救助飞行队(组图) ·四川嘉陵江亭子口水利枢纽工程成功截流(图) 2009品牌栏目网上投票 学英语 新闻中心 资讯中心 财经中心 文化中心 国际中心 国', 172, 0, 1264271145, 1264271145),
(104, '国产汽车-进口汽车-第一汽车购买顾问-网上车市', 0, 0, 'http://www.cheshi.com', '网上车市 车市 汽车 汽车报价 汽车导购 汽车图片 汽车行情 汽车新闻 汽车评测 二手车 经销商 汽车社区', '面向全国的经销商及消费者,提供汽车报价、购车指南、汽车法规、车型介绍、进口汽车、国产汽车、汽车维修、二手汽车、汽车保险、汽车论坛、违章查询、车市分析、修车养车、汽车改装、降价信息等。', ' 网上车市 汽车网站 车型 车型级别 新车间谍 视频 价格区间 汽车图片 排行 导购 降价 选车向导 车型对比 经销商 二手车 汽车报价 资讯 新车 试驾 专题 海外 时尚 独家报道 SUV 用车 维修 改装 保养 用品 社区 论坛 俱乐部 问答 专家团 全国 北京 上海 广州 深圳 关闭 北京 上海 广州 深圳 太原 济南 西安 成都 大连 B- 北京 保定 C- 长春 长沙 成都 D- 大连 东莞 F- 福州 G- 广州 H- 哈尔滨 杭州 合肥 呼和浩特 J- 济南 嘉兴 金华 K- 昆明 L- 兰州 N- 南京 南昌 Q- 青岛 泉州 S- 上海 深圳 石家庄 沈阳 T- 太原 天津 W- 武汉 X- 西安 厦门 Z- 郑州 热门车型 热门车 高级车 SUV 将上市 按品牌厂商 &gt; 按价格区间 &gt; 按车型类别 &gt; 按车系音序 10万以下 &gt; 奇瑞风云2频道 报价 图片 论坛 风神S30 报价 图片 论坛 长城凌傲 报价 图片 论坛 比亚迪G3频道 报价 图片 论坛 丘比特频道 报价 图片 论坛 熊猫频道 报价 图片 论坛 欢动频道 报价 图片 论坛 POLO劲情频道 报价', 184, 0, 1264271148, 1264271148),
(105, '车168 - 我的专业汽车导购平台', 0, 0, 'http://www.che168.com', '汽车|门户|新闻|资讯|报价|导购', '专业汽车导购平台，提供全方位的汽车资讯、报价、知识、图片等。车168，全原创专业汽车导购。', ' 登录 注册 内容纠错 车市： 北京 上海 广州 深圳 |长春 长沙 成都 重庆 福州 哈尔滨 杭州 济南 昆明 南京 南宁 沈阳 石家庄 苏州 天津 武汉 西安 郑州 微型车 小型车 紧凑型车 中型车 中大型车 豪华车 MPV SUV 跑车 汽车报价 汽车图片 二手车 专业试车 |新闻 导购 新车 行情 专题 |论坛 视频 车型对比 | 车系大全 快速找车：按价格 按品牌 按级别 按拼音 热点车 小型微型 紧凑型 中型车 豪华跑车 SUV和MPV 新车 速迈 报价 图库 论坛 宝马X1 报价 图库 论坛 新赛欧 报价 图库 论坛 英菲尼迪G系 报价 图库 论坛 瑞麒G5 报价 图库 论坛 丘比特 报价 图库 论坛 MG6 报价 图库 论坛 Soul 报价 图库 论坛 13代皇冠 报价 图库 论坛 更多 热点 新赛欧 报价 图库 论坛 中华骏捷FSV 报价 图库 论坛 中华骏捷Cross 报价 图库 论坛 阁瑞斯 报价 图库 论坛 福克斯 报价 图库 论坛 捷达 报价 图库 论坛 荣威550 报价 图库 论坛 新君威 报价 图库 论坛 悦动 报价 图库 论坛 凯', 262, 0, 1264271151, 1264271151),
(106, '', 0, 0, 'http://www.cctv.com', '', '', ' ', 0, 0, 1264271153, 1264271153),
(107, '', 0, 0, 'http://www.ccb.com', '', '', ' ', 0, 0, 1264271154, 1264271154),
(108, '中国银行全球门户网站', 0, 0, 'http://www.boc.cn', '', '', ' | 公司金融服务 | 个人金融服务 | 银行卡服务 | 中行信息 | 关于中行 | 投资者关系 | 金融数据 | 客户服务 | 简体中文 | 繁体中文 | ENGLISH 中国银行全球公司金融：倾力支持“走出去”企业 公司融资服务 贸易金融服务 公司金融市场服务 人民币结算服务 公司存款服务 公司银行服务 保险超市 中银财富管理 私人银行 国家助学贷款 外汇留学贷款 出国留学金融服务 个人存款服务 个人贷款服务 个人理财服务 个人汇兑服务 个人银行服务 中银钛金女士卡 中银都市卡 中银全民健身卡 长城生肖卡 中银长城国际卡 中银淘宝信用卡 信用卡服务 借记卡服务 办卡用卡指南 ATM 中银优惠商户 聪明购 中银积分365 中银平稳收益2009年各期理财计划投资运... 中银稳健增长（R）2009年年度运作情况报告 中银新兴市场（R）2009年年度运作情况报告 中国银行网上银行和网上支付系统升级及... “中银安稳回报”人民币理财系列2010年0... 中国银行长城借记卡订酒店机票 专享携程... 四川', 41, 0, 1264271156, 1264271156),
(109, '【汽车网站-汽车报价|汽车图片|汽车论坛】-易车网BitAuto.com', 0, 0, 'http://www.bitauto.com', '', '', ' 设为首页 往日回顾 车易通 车易搜 手机易车网 易车旗下网站 易车旗下网站 易车网 优卡二手车网 易车会 车世界视频网 汽车产经网 极速汽车 车时代 车语传媒 2009-12-14 为易车网网友服务 看车 图片 新车 进口 视频 谍照 图解 导购 评测 科技 安全 车展 口碑 买车 车型 二手车 报价 经销商 信贷 降价 用车 维修 装饰 手册 驾驶 轮胎 召回 新闻 厂家 商家 政策 销量 交通 市场 品牌 人物 调查 专题 排行 滚动 生活 社区 娱乐 活动 自驾 美女 答疑 城市： 北京 |天津 |石家庄 |唐山 |保定 |呼和浩特 |太原 |上海 |济南 |青岛 |烟台 |淄博 |杭州 |宁波 |金华 |温州 |南京 |苏州 |徐州 |无锡 |合肥 |南昌 |广州 |348个城市&gt;&gt; 车易搜 违章查询 选车工具 车型对比 费用计算 微型车 小型车 紧凑型车 中型车 中大型车 豪华车 MPV多用途车 SUV越野车 跑车 汽车大全: 按品牌 按车型 按国别 按用途 5万以内 5万-10万 10万-15万 15万-20万 20万-25万 25万-40万 40万-80万 80', 265, 0, 1264271158, 1264271158),
(110, '暴风影音2012下载_暴风影音万能播放器_暴风影音播放器免费下载_baofeng.com', 0, 0, 'http://www.baofeng.com', '暴风影音2012下载 realplayer下载 kmplayer下载 播放器下载 视频播放器 flash播放器 电影播放器 暴风转码 暴风盒子 暴风游戏 万能播放器 影音风暴 高清播放器', '暴风影音是一款绿色万能的视频播放器,支持avi\\rm\\rmvb 等常用主流媒体格式,也支持*.mkv\\*.tp\\*.ts等高清视频格式，兼容realplayer，kmplayer等主流播放软件，集flash播放器、电影播放器、高清播放器于一身的全能播放器。', ' 暴风影音 首页 暴风盒子 下载 暴风转码 暴风游戏 论坛 暴风影音2012在线高清版 您的电脑能播在线高清电影吗？点此免费测试！ 立即下载 立即下载 合作下载 新浪下载 太平洋下载 腾讯下载 迅雷下载 天空下载 霏凡下载 华军下载 IT世界下载 Pchome下载 天极下载 IT168下载 易盘下载 画质回顾 立即下载 真高清[720P↑]画质 独有SHD视频专利技术，1M带宽即可流畅观看720P高清在线影片，全球领先 缓冲快、无卡断 大幅降低影片传输码率，缓冲速度比其它软件提升20%以上 更多&gt;&gt; 暴风画质Q&amp;A 1：什么是真高清720P？ 720P是全世界认可的视频清晰度标准，其分辨率为1280×720，画质大概相当于DVD的3倍。 2：中国互联网目前是否有真高720P的在线点播？ 真高清标准只有720P及1080P两种，只有当视频画面至少达到720P的分辨率时，才能称为真高清，而目前市面上所有号称720P高清的点播视频，其分辨率都无法达到1280×720，因此，都是伪高清。 3：暴风影音为什么能提供真高720P', 24, 0, 1264271160, 1264271160),
(111, '', 0, 0, 'http://www.bankcomm.com', '', '', ' ', 1, 0, 1264271162, 1264271162),
(112, '', 0, 0, 'http://www.baixing.com', '', '', 'http://huangshi.baixing.com/ ', 0, 0, 1264271163, 1264271163);
INSERT INTO `kuaso_links` (`link_id`, `title`, `tuiguang`, `site_id`, `url`, `keywords`, `description`, `fulltxt`, `pagesize`, `level`, `updatetime`, `addtime`) VALUES
(113, '百合网_交友_征婚_相亲_中国首席婚恋服务专家', 0, 0, 'http://www.baihe.com', '', '', ' 成功故事 百合介绍 VIP交友服务 百合活动 隐私保护机制 资料更安全 身份验证体系 交往更真诚 心灵匹配系统 婚姻更幸福 创建婚恋交友帐号 退出 欢迎你！ 条新消息 件礼物 进入我的百合 我要找 女朋友 男朋友 年龄 18 19 20 21 22 23 24 25 26 27 28 29 30 31 32 33 34 35 36 37 38 39 40 41 42 43 44 45 46 47 48 49 50 51 52 53 54 55 56 57 58 59 60 61 62 63 64 65 至 18 19 20 21 22 23 24 25 26 27 28 29 30 31 32 33 34 35 36 37 38 39 40 41 42 43 44 45 46 47 48 49 50 51 52 53 54 55 56 57 58 59 60 61 62 63 64 65 岁 地区 任意 北京 天津 河北 山西 内蒙古 辽宁 吉林 黑龙江 上海 江苏 浙江 安徽 福建 江西 山东 河南 湖北 湖南 广东 广西 海南 重庆 四川 贵州 云南 西藏 陕西 甘肃 青海 宁夏 新疆 台湾 香港 澳门 任意 东城区 西城区 崇文区 宣武区 朝阳区 丰台区 石景山区 海淀区 门头沟区 房山区 通州区 顺义区 昌平区 大兴区 怀柔区 平谷区 密', 33, 0, 1264271165, 1264271165),
(114, '百度一下，你就知道', 0, 0, 'http://www.baidu.com', '', '', ' 登录 新 闻 网 页 贴 吧 知 道 MP3 图 片 视 频 地 图 设置 高级 空间 百科 hao123 | 更多>> 把百度设为主页 加入百度推广 | 搜索风云榜 | 关于百度 | About Baidu 2010 Baidu 使用百度前必读 京ICP证030173号 ', 4, 0, 1264271166, 1264271166),
(115, '汽车之家_我的汽车网站，我的汽车之家', 0, 0, 'http://www.autohome.com.cn', '', '', ' 我的汽车网站，我的汽车之家 关于我们 设为主页 内容纠错 招贤纳士 北京 上海 广州 深圳 | 长春 长沙 成都 重庆 福州 哈尔滨 杭州 济南 昆明 南京 南宁 沈阳 石家庄 苏州 天津 武汉 西安 郑州 | 经销商 微型车 小型车 紧凑型车 中型车 中大型车 豪华车 MPV SUV 跑车 首页 | 新闻 试驾 评测 导购 专题 视频 | 汽车报价 汽车图片 车型对比 图片对比 | 机油 轮胎 二手车 | 泡泡网 | 论坛 搜索 快速找车 热门车 豪华车 SUV及其他 查询方式： 按价格 按品牌 按级别 按拼音 紧凑型车&gt; 科鲁兹频道 报价 图库 论坛 英朗频道 报价 图库 论坛 奇瑞A3频道 报价 图库 论坛 高尔夫频道 报价 图库 论坛 速腾频道 报价 图库 论坛 福克斯频道 报价 图库 论坛 朗逸频道 报价 图库 论坛 帝豪EC7频道 报价 图库 论坛 更多&gt;&gt; 中型车&gt; 新君威频道 报价 图库 论坛 迈腾频道 报价 图库 论坛 君越频道 报价 图库 论坛 雅阁频道 报价 图库 论坛 奥迪A4L频道 报价 图库 论坛 蒙迪欧-致胜', 345, 0, 1264271170, 1264271170),
(116, '奥比岛 -  爱上奥比岛，快乐没烦恼', 0, 0, 'http://www.aobi.com', '奥比 奥比岛 W阿姨 小游戏 好玩的小游戏 好玩 Flash小游戏 好玩的网站 儿童网站 儿童小游戏 儿童社区 健康小游戏 绿色小游戏 装扮 形象装扮 虚拟小屋 儿童上网 小学生上网 互动游戏 青少年上网 儿童互动娱乐 英语大赢家 红宝石岛民', '奥比岛(www.aobi.com)定位于为中国6-14岁的儿童提供安全、健康、有趣的互联网服务，让儿童能够在绿色的虚拟世界中，充分发挥自己的想象力和创造力，满足自己的童年梦想，从而培养更加健康积极的人生观和世界观。', '? 进入奥比岛 父母需知 黑板报 互动专区 问题反馈 帮助中心 英语大赢家 充值奥币 你的浏览器没有flash播放器或者版本太低，请点击 下载。 热烈祝贺“网页游戏行业规范自律联盟” 正式成立暨广州百田信息科技有限公司成为该联盟理事单位！热烈祝贺“中国青少年绿色网络建设传播联盟”正式成立暨广州百田信息科技有限公司成为该联盟第一批会员！ 广州百田 | 服务条款 | 维权公告 | 加盟奥比 | 联系我们 Copyright ?2009 BaitianInfo Ltd..All Rights Reserved 文网文［2009］103号 增值电信业务经营许可证粤B2-20090388号 ', 5, 0, 1264271192, 1264271192),
(117, '二手房 新房 租房-最专业的房地产门户网站 - 安居客', 0, 0, 'http://www.anjuke.com', '二手房 新房 租房-最专业的房地产门户网站 - 安居客', '最强大、最权威、最实用、最快速、最精准、最方便、用户体验最佳的专业找房网站，每日更新数万条真实有效的房产信息，帮助您快速找到符合要求的二手房、新房、租房。目前在全国大部分主要城市开通。', ' 请选择您要访问的城市： 北京 、 上海 、 广州 、 深圳 、 成都 、 南京 、 杭州 、 苏州 、 天津 、 重庆 、 大连 、 武汉 北京站 北京新房 北京二手房 北京租房 北京小区房价趋势 北京找房者论坛 上海站 上海新房 上海二手房 上海租房 上海小区房价趋势 上海找房者论坛 广州站 广州二手房 广州租房 广州小区房价趋势 广州找房者论坛 深圳站 深圳新房 深圳二手房 深圳租房 深圳小区房价趋势 深圳找房者论坛 成都站 成都二手房 成都租房 成都小区房价趋势 成都找房者论坛 南京站 南京二手房 南京租房 南京小区房价趋势 南京找房者论坛 杭州站 杭州二手房 杭州租房 杭州小区房价趋势 杭州找房者论坛 苏州站 苏州二手房 苏州租房 苏州小区房价趋势 苏州找房者论坛 天津站 天津二手房 天津租房 天津小区房价趋势 天津找房者论坛 重庆站 重庆二手房 重庆租房 重庆小区房价趋势 重庆找房者论坛 大连站 大连二手房 大连租房 大连小区房价趋势 大连找房者论坛 武汉站', 19, 0, 1264271194, 1264271194),
(118, '卓越亚马逊:网上购物:图书，手机，数码，家电，化妆品，钟表，首饰等在线销售', 0, 0, 'http://www.amazon.cn', '卓越亚马逊，卓越，在线购物，图书，音像，CD，软件，游戏，影视，DVD，教育音像，手机，mp3，mp4，摄影，摄像，数码相机，车载，试听设备，电脑/设备，玩具，家居，运动健康用品，化妆品，个人护理用品，玩具，钟表首饰，礼品箱包，厨具，家电 ', '中国规模最大、品种最全的网上购物商城。在线特价销售超过70万种图书、音像制品。同时提供玩具、礼品、家居、化妆、IT数码、手机、小家电、钟表首饰等20大类数十万种产品。天天低价、货到付款、15天内无条件退货。', ' 天天低价 正品保证 首页 我的卓越亚马逊 点评空间 所有23类商品 我的帐户 | 购物车 | 帮助中心 | 新手上路 | 礼品卡 热门搜索:小说 | 养生 |理财 |周笔畅 | 托马斯 |电脑包 | 围巾 | 运动鞋 | 保湿 | 欧莱雅 |血压计 | 液晶电视 |电脑 |3G手机 商品搜索 所有类别 图书 音乐 影视 手机/通讯 家电 化妆 厨具 家居 运动健康 鞋靴 玩具 钟表首饰 个人护理 软件 游戏/娱乐 服饰箱包 摄影/摄像 数码影音 大家电 电脑/IT/办公 教育音像 汽车用品 家居装修 电子 其他 您好，欢迎光临卓越亚马逊购买图书、影视、音乐、钟表首饰、化妆、健康、箱包、手机、数码等商品。[登录 ][注册 ][新手上路 ] 商品分类 图书音像软件 图书 影视 音乐 软件 教育音像 游戏/娱乐 消费电子 手机/通讯 小家电 电脑产品 摄影/摄像 数码影音 大家电 汽车用品 日用消费品 钟表首饰 服饰箱包 个人护理 化妆 运动健康 家居 玩具 厨具 家居装修 鞋靴(试营业) 日用百货专业店 赛伊诺水晶 Zippo火机', 94, 0, 1264271196, 1264271196),
(119, '爱音乐，听音乐，爱听音乐 www.aiting.com', 0, 0, 'http://www.aiting.com', '免费音乐 音乐试听 流行音乐 音乐下载 在线音乐 爱听音乐网', '', ' 网站首页 华人男歌 华人女歌 华人组合 动漫游戏 合辑发烧 最新专辑 专辑细分：华人 日韩 日本歌手 韩国歌手 欧美歌手 DJ舞曲 影视音乐 歌曲排行 推荐专辑 专辑细分：欧美 组合 更多 一周点击排行 习惯两个人 - 言承旭 爱不单行 - 罗志祥 下一个章节 - 张杰(南拳妈妈) - 最新单曲 幽兰操 - 王菲 - 最新单曲 折叠式爱情 - 杨丞琳 现在我很幸褔 - A-Lin 星月神话 - 金莎 荆棘里的花 - F.I.R. 载我走 - 谢安琪 原谅我没有说 - 李圣杰 抱歉 - 李圣杰 最天使 - 曾轶可 阴天气球 - 乔任梁 地球上最浪漫的一首歌 - 黄鸿升 如果你爱我 因为我爱你 - 陈明 背对背拥抱 - 林俊杰 我相信 - 张靓颖 - 最新单曲 匿名的好友 - 杨丞琳 - 最新单曲 无法克制 - 林俊杰 透明人 - 黄靖伦 结果 - 郑秀文 很爱 - 王心凌 罗马假日 - 胡彦斌 我很好，那么你呢？ - 王心凌 第几个100天 - 林俊杰 小星星 - 王心凌 - 最新单曲 空位 - 胡彦斌 - 最新单曲 雨爱(电台版) - 杨丞琳 - 最新单曲 ', 107, 0, 1264271198, 1264271198),
(120, 'Object moved', 0, 0, 'http://www.abchina.com', '', '', ' Object moved to here . ', 0, 0, 1264271200, 1264271200),
(121, '网页游戏|91wan网页游戏平台-webgame-白领游戏-娱乐平台', 0, 0, 'http://www.91wan.com', '热血三国 网页游戏 webgame 明朝时代 盘龙神墓记 墨攻天下', '91wan是专业的网页游戏娱乐平台,这里汇集了最新最火的网页游戏!想玩什么,就玩什么.是白领们玩网页游戏的首选网站.', ' 设为首页 ┆收藏 首 页 | 游戏中心 | 随便看看 | 资讯中心 | 充值中心 | 玩家论坛 | 客服中心 Home Game Just look Information Supplement Bbs Support 飞天西游 ┆热血三国 ┆盘龙神墓记 ┆明朝时代 ┆墨攻天下 ┆乐土 ┆商业大亨 ┆武林英雄 ┆三十六计 所有游戏 飞天西游 盘龙神墓记 热血三国 墨攻天下 明朝时代 商业大亨 乐土 射雕传 武林英雄 奇妙之旅 武 易 九洲战记 幻 境 三十六计 飞天西游 进入游戏 角色扮演 盘龙神墓记 进入游戏 角色扮演 热血三国 进入游戏 战争策略 明朝时代 进入游戏 角色扮演 商业大亨 进入游戏 模拟经营 墨攻天下 进入游戏 战争策略 射雕传 进入游戏 角色扮演 武林英雄 进入游戏 角色扮演 奇妙之旅 进入游戏 角色扮演 武 易 下载游戏 玄幻武侠 九洲战记 进入游戏 战争策略 乐 土 进入游戏 角色扮演 幻 境 进入游戏 角色扮演 三十六计 进入游戏 战争策略 飞天西游 角色扮演游戏 服务器名 开服时间 [03服]仙侣情缘 [双线] 01-0', 81, 0, 1264271202, 1264271202),
(122, '小游戏,在线小游戏,双人小游戏,7k7k小游戏大全', 0, 0, 'http://www.7k7k.com', '小游戏 在线小游戏 7k7k小游戏', '7k7k是中国最好的小游戏网站,提供各种休闲类,动作类,益智类,敏捷类,换装类,双人小游戏,每天更新小游戏,把7k7k小游戏告诉你的朋友,就是在默默支持我们,和朋友们一起分享吧,小游戏就是7k7k,送给你最愉快游戏时光', '? 我的收藏夹 最新小游戏 热门小游戏 推荐小游戏 收藏7k7k 7k7k小游戏世界！ 首页 休闲 动作 冒险 换装 射击 战争 双人 益智 社区 网页 双人小游戏 拳皇 赛车 合金弹头 换装 阿SUE 美女 连连看 斗地主 喜羊羊与灰太狼 汽车 做饭 摩托 黄金矿工 | 赛尔号 摩尔庄园 奥比岛 弹弹堂 口袋精灵 运动： 赛车 汽车 摩托 越野 卡丁车 钓鱼 台球 自行车 特技 单车 停车 滑板 滑雪 篮球 大卡车 射箭 水上运动 雪人 网球 足球 飞镖 运动休闲 动作： 拳皇 格斗 闪客快打 火影忍者 忍者神龟 过关 三国 街头霸王 角色扮演 快打旋风 对战 洛克人 功夫 街机 英雄 死神 武士 忍者 小小 拳击 战争： 合金弹头 变形金刚 魂斗罗 坦克 战斗机 CS 战士 枪战 雷电 飞机 勇士 射击 特种兵 直升机 大炮 TD防守 特警 僵尸 防御 僵尸危机 打靶 女生： 换装 阿sue 化妆 美女 公主 芭比娃娃 大头妹 约会 美甲 料理 可爱 婚纱 礼服 白雪公主 淑女 时尚 弹弹堂 古装美女 宝贝 美少女 泳装美女 ', 102, 0, 1264271204, 1264271204),
(123, '赛尔号-英勇赛尔，智慧童年', 0, 0, 'http://www.51seer.com', '赛尔号 赛尔号游戏 赛尔号小游戏 赛尔号攻略 赛尔号秘籍 赛尔号下载 赛尔号官方网站', '赛尔号(www.51seer.com) ，第一艘专为中国7-12岁儿童设计的太空探险虚拟飞船。每个儿童化身为勇敢的机器人赛尔，成为这个虚拟世界的主人，为了探索更多的资源，离开地球前往未知的太空。产品融合机器人功能装备、精灵战斗、环保科学知、，正邪对抗等等。做到妈妈放心，孩子欢喜；英勇赛尔，智慧童年。', ' 开通超能NoNo 充值米币 下载Flash10播放器 为什么我玩不了赛尔号 关于淘米 | 联系我们 | 淘米招聘 | 父母须知 | 儿童安全上网 | 绿色宣言 增值电信业务许可经营证：沪B2-20090070文网文[2009]093号沪新出科数[2010]4号服务热线：021-61130888 抵制不良游戏拒绝盗版游戏注意自我保护谨防受骗上当适度游戏益脑沉迷游戏伤身合理安排时间享受健康生活 Copyright2008-2010 TaoMee Inc. All Rights Reserved. ', 11, 0, 1264271205, 1264271205),
(124, '摩尔庄园，快乐童年', 0, 0, 'http://www.51mole.com', '摩尔庄园 摩尔庄园游戏 摩尔庄园小游戏 摩尔庄园攻略 摩尔庄园秘籍 摩尔庄园下载 摩尔庄园米币充值 摩尔庄园官方网站', '摩尔庄园(www.51mole.com)是专为中国7－12岁儿童设计的安全健康益智的flash虚拟互动社区，每个儿童化身可爱的小鼹鼠摩尔，成为这个虚拟世界的主人，社区融合虚拟形象装扮、虚拟小屋、互动游戏、爱心养成为一体，为儿童提供综合互动娱乐平台。', ' 我要超级拉姆 我要充值米币 下载Flash10播放器 我进不去摩尔庄园 关于淘米 | 联系我们 | 淘米招聘 | 父母须知 | 儿童安全上网 | 绿色宣言 增值电信业务许可经营证：沪B2-20090070文网文[2009]093号沪新出科数[2009]75号服务热线：021-61130888 抵制不良游戏拒绝盗版游戏注意自我保护谨防受骗上当适度游戏益脑沉迷游戏伤身合理安排时间享受健康生活 Copyright2008-2010 TaoMee Inc. All Rights Reserved. ', 11, 0, 1264271206, 1264271206),
(125, '招聘，找工作求职，上前程无忧', 0, 0, 'http://www.51job.com', '人才，招聘，简历，工作，求职，面试，应聘，跳槽，高薪，兼职，猎头，薪酬，薪资，培训，测评，人事', '前程无忧为个人提供最全最新最准确的企业职位招聘信息，为企业提供人才招聘、猎头、培训、测评和人事外包在内的全方位的人力资源服务，帮助个人求职者与企业搭建最佳的人才招募和人才培养渠道。', ' English 会员名： 密 码： 自动登录 忘记密码 ·服务总览 ·HR社区 ·人事外包 ·无忧培训 全文 职位名 公司名 地图搜索&gt;&gt; 高级搜索&gt;&gt; 地 区 招 聘 华北东北： 北京 天津 大连 沈阳 长春 哈尔滨 华东地区： 上海 南京 苏州 杭州 宁波 合肥 济南 青岛 福州 闽南 华南华中： 广州 深圳 东莞 武汉 长沙 郑州 西北西南： 西安 成都 重庆 昆明 ·My51job ·职场资讯 ·简历指导 ·面试技巧 ·跳槽策略 ·BBS 校园招聘火热启动，快快点击查看！ 地图搜索升级啦！新增多个城市地图 职场解惑，交友论道，请上BBS 投简历 秀图标 超快吸引 HR 眼球！！ 联强国际 财务经理 瑞士诺华制药 好工作也可以这样找 如何填写好简历 体验全能搜索 多份简历多份希望 《新前程》 上海世博会荷兰水利用与处理在校学生竞赛 学好英语，运筹帷幄决胜职场 歌诗玛化妆品连锁 上海地区店长 营运总监 贵州信邦制药股份有限公司诚聘 销售经理 北京升平颐和投资有限公司 财务经理(北京市) 河南', 76, 0, 1264271209, 1264271209),
(126, '周公解梦 免费在线的原版周公解梦大全', 0, 0, 'http://www.51jiemeng.com', '周公解梦 做梦 周公 解梦 梦见 周易解梦', '周公解梦,为您解梦！专业、免费的在线周公解梦网站', ' 说明：本站内容均为中国传统的周公解梦词条 收藏本站 周公解梦——梦的主题 【人 物】 父母 老师 朋友 小孩 兄弟姊妹 祖父母 亲戚邻居 医生 警察 名人 护士 皇后 尼姑 疯子 清道夫 野蛮人 小贩 烈士 队伍 英雄 男孩 守财奴 人群 军队 婴儿 王子公主 丈夫 导师 同学 上司、领导 同事 小偷 【爱 情】 告白、表白 恋人、爱人 爱情 妻子 发誓 离弃 提议 抛弃 巧克力 【生 活】 金钱 婚礼 学校 表扬 惩罚 打架 强盗 犯罪 比赛 侮辱 地狱 战争 监狱 青春 赞扬 财富 报纸 写作 诗歌 哑剧 画 绘画 谜语 音乐 学校 图书馆 法律 演说 天堂 解救 导游 航海 家具工具 家务事的 交通工具 警察 庆典 日常行为 时装 饮食 葬礼坟墓 报复 厕所 喝茶 唱歌 车祸 吃饭 挨打 罚款 盗窃、偷 打鼾、打呼噜 出家 冲突 交税 奖金 饥饿 划船 喝水、饮水 喝酒 旅行 理发 流产 砍头 开除 解雇 叫喊 野餐 宴请 血 孕妇、怀孕 钟、敲钟 自杀 租金 做饭 诬陷、栽赃 发怒 危险 逃跑 水淹、溺水', 23, 0, 1264271211, 1264271211),
(127, '51.com 我的朋友,我的家', 0, 0, 'http://www.51.com', '51.com 博客 空间 交友', '51.com 提供个人博客,个人空间,51.com是中国最大博客社区', ' 51.com 设为首页 | 立即注册 距开幕还有98 天 登录51.com 用户名/彩虹号： 密 码： 隐身 同时登录彩虹 忘记密码 意见反馈 欢迎登录 用户名： 昵 称： 手机登录wap.51.com 近期改进 01-20 投票系统增加心理测试功能 01-15 投票系统新增及改进6项功能 01-14 管理中心增加随便说说发布栏 官方下载 彩虹2009正式版全新发布 51用户必备：一键登51、好友动态、留言评论即时通知、快速涨积分。 51休闲游戏平台下载 斗地主/台球/连连看/飞行棋等数十款好玩的游戏!全部玩家显示真实照片.. 51新炫舞客户端下载 妙趣玩法、潮流服饰、劲爆乐曲， 秀舞技、交朋友，全由你做主。 媒体消息 迎世博,学习使用规范语言 2010年上海世博会志愿者征集 中国扶贫基金会温暖行动 51.com 2010年校园招聘 首页照片征选 dahaizhang.. 北京，形象代言 junshow198.. 江西，模特 fenfendoud.. 湖南，学生 jolly1780 广东，财务 a120529 台湾，爱好旅游 [问问] 一个人的性格真的可以改变吗？ ', 14, 0, 1264271212, 1264271212),
(128, '小游戏,在线小游戏,双人小游戏,4399小游戏 - www.4399.com中国最大的游戏平台', 0, 0, 'http://www.4399.com', '小游戏 小游戏4399.com在线小游戏', '', ' www.4399.com 最大的在线休闲游戏中心,为了下次能再玩,请牢记本站www.4399.com的网址 收藏4399小游戏 动作 体育 益智 射击 搞笑 冒险 棋牌 策略 敏捷 综合 休闲 装扮 儿童 积分 经营 过关 专辑 双人游戏 网页游戏 4399游戏吧 游戏搜索: 连连看 台球 CS 祖玛 玛丽 魔塔 用户登陆 ：密码 ：注册 最新推荐： 动作排行 | 综合排行 | 敏捷排名 | 冒险排行 | 益智排行 | 体育排行 | 射击排行 | 休闲排行 | 搞笑排行 | 棋牌排行 | 策略排行 | 儿童排行 | 装扮排行 | 五星 专题精选： 双人小游戏 | 休闲 | 赛车 | 阿Sue | 合金弹头 | 超级玛丽 | 钓鱼 | 兵乓球 | 黄金矿工 | 三国群英 | 连连看 | 化妆 | 僵尸 | 拳皇 | 经典 | 祖玛 | 猪世界 海绵宝宝 | 找茬 | 贪吃蛇 | 台球 | CS | 过关小游戏 | 料理 | 射箭 | 迷宫 | 二战前线 | 飞镖 | 足球 | 篮球 | 哆啦A梦 | 喜羊羊与灰太狼 | 守城 | 更多的好玩专题... 五星游戏 | 小游戏评论排行 | 新小游戏300个 | 最新一般推', 79, 0, 1264271214, 1264271214),
(129, '360圈_年轻时尚交友社区_混圈，混朋友', 0, 0, 'http://www.360quan.com', '360圈 照片 日志 视频 音乐 360PK 送礼 蹭饭 糖果盒 型男女 360红人 潮态度 活动中心 找朋友 交友社区 秀自己 相册 圈子 非主流', '360圈, 最大的年轻时尚交友社区，混圈子混朋友。免费注册最酷的交友主页，立即拥有相册、视频；博客、炫酷模板和N多好玩功能。360圈，给你最酷的个性展示，中国成长最快的以圈子为核心、提供多媒体服务的年轻人时尚社区。', ' 360圈，混圈子就是混朋友！ 登录表单 邮箱 密码 找回密码 帮助？ 360圈，混圈子就是混朋友！ 首页 个人主页 朋友 圈子 我的圈子 朋友的圈子 浏览圈子 创建圈子 应用 照片 360PK 日志 一见钟情 视频 鉴定团 音乐盒 送礼 大头贴 逗你玩 设置应用 游戏 频道 情感 星座运程 心理测试 恋爱技巧 单身男女 纯情校园 时尚 品牌 秀场 搭配 护肤 美发 彩妆 街拍 潮流 潮流服饰 潮流小物 潮流事件 潮流刊物 TATTOO 夜生活 物质 美食 购物 数码 宠物 汽车 旅游 健康 体育 篮球世界 足球天下 综合体育 体育花边 水上运动 小球天地 极限运动 娱乐 动感MV 流行音乐 明星八卦 一日一V?天下奇闻 电视综艺 动游 动画 漫画 网游 单机 COS视觉 文化 电影 名人 艺术设计 读书 非音乐 活动 型男女 潮态度 活动中心 消息 99 商城 充值 在线 邀请 帮助 退出 百宝箱 照片 日志 视频 微博 360PK 鉴定团 大头贴 音乐 一见钟情 招待处 逗你玩 送礼 火星文 狗仔队 糖果盒 蹭饭 微博 照片 博', 87, 0, 1264271216, 1264271216),
(130, '360安全中心 - 360安全卫士 - 免费杀毒软件|安全浏览器|上网安全|查杀木马', 0, 0, 'http://www.360.cn', '360 360安全卫士 免费杀毒软件 安全浏览器 查杀木马 360杀毒 360安全浏览器 360保险箱 360系统急救箱 360手机卫士', '国内最大的免费安全平台。提供360安全卫士、360免费杀毒软件、360木马查杀工具、360安全浏览器、360保险箱及各种其他免费杀毒软件。360安全卫士拥有查杀木马、清理恶评插件、免费杀毒、修复系统漏洞、管理应用软件和系统急救等功能。保护电脑安全、上网安全，就用360', ' 首页 安全卫士 杀毒 安全浏览器 保险箱 系统急救箱 手机卫士 安全播报 百科 求助 论坛 游戏 360安全卫士+360杀毒，全面防护+完全免费 全方位防御病毒木马，查杀效果更强，保护系统安全 【全新v6.2Beta4版新增流量监控 火热测试中??版本：v6.1.5正式版(超强查杀套装) 大小：645KB 更新：2010-01-23 系统：XP / Vista / Win7 【下载离线安装包】 革命性的云查杀引擎，比传统杀毒软件快10倍以上 取消特征库升级，内存占用更少，不拖慢系统 【新版功能】 【新手指南】 版本：v6.1.5正式版 大小：609KB 更新：2010-01-23 系统：Win2K / XP / Vista / Win7 【下载离线安装包】 全球首款彻底、永久免费的杀毒软件，性能指标全面提升 查杀能力超强，误杀率最低，轻巧快速不卡机 【新版功能】 【新手指南】 版本：v1.1正式版(双引擎) 大小：609KB 更新：2010-01-22 系统：XP / Vista / Win7 【下载离线安装包】 全新浏览器架构，小巧、稳定、安全 “无痕浏览”保护隐', 40, 0, 1264271219, 1264271219),
(131, '3533手机世界 专业的手机网站 http://www.3533.com', 0, 0, 'http://www.3533.com', '手机世界 手机论坛 手机大全 手机图片 手机铃声 手机游戏 手机报价', '', ' 手机大全 |手机资讯 |手机报价 |选机中心 |手机论坛 | 手机下载 手机游戏 手机主题 手机图片 手机铃声 Mp3铃声 手机软件 | 手机游戏资讯 游戏新闻 游戏评测 游戏介绍 游戏攻略 游戏厂商 游戏图片 手机游戏 手机主题 手机软件 手机图片 手机铃声 MP3铃声 帮助 手机游戏 ：诺基亚手机游戏 | 摩托罗拉手机游戏 | 索爱手机游戏 | 三星手机游戏 |推荐游戏 | 游戏排行 | 最新游戏 | 免费MP3铃声 | 手机主题 | 手机铃声 | 手机软件 手机型号： 资源搜索：手机游戏 手机主题 手机软件 手机图片 手机铃声 手机号码归属地： 网友关注机型 1 诺基亚 5230 :￥1530 2 诺基亚 5800XM :￥2250 3 诺基亚 N900 :￥5380 4 三星 W799 :￥9699 5 诺基亚 N97 :￥4999 6 诺基亚 5730XM :￥2180 7 诺基亚 N78 :￥1799 8 诺基亚 N86 :￥3160 9 诺基亚 6300 :￥928 Backfilp 手机资料 相关评论 暂无报价 相关文章 6700s 手机资料 相关评论 暂无报价 相关文章 Milestone 手机资料 相关评', 80, 0, 1264271221, 1264271221),
(132, '网页游戏第一门户站:::265G.COM:::', 0, 0, 'http://www.265g.com', '网页游戏 webgame', '网页游戏第一门户站:::265G.COM:::是全国最大的网页游戏webgame资讯网站，提供最新网页游戏相关报道和免费网页游戏资料。', ' 找网页游戏，就上265G！――玩家最喜爱的网页游戏资讯门户！ 设为首页 |加入收藏 |厂商黄页 首页 看新闻 找游戏 小游戏 游戏窝 逛论坛 排行榜 新游表 开服表 评游戏 发账号 游戏推广： 首届中国网页游戏发展高峰论坛 265G当选为中国网页游戏专业委员会委员单位 265G游戏窝荣获康盛创想“十大荣誉用户” 265G网页游戏门户PR值上升至7 08中国网页游戏行业研究报告下载 玩游戏更快更爽，网页游戏大厅新版发布 265G网页游戏门户与阔地网络达成合作 百度网址大全正式收录265g.com 网易有道新闻源正式收录265g.com 265G已开通152个热门网页游戏主题站 百度新闻源正式收录265g.com hao123正式收录265g.com 雅虎网址大全正式收录265G.COM 265G自动发号中心正式启用 Google新闻源正式收录265G.com 265G与新浪游戏频道携手推出网页游戏视频专题 最新开服： A B C D E F G H I J K L M N O P Q R S T W X Y Z 热门游戏 战争策略 角色扮演 模拟经营 社区养成 休闲竞技 外文', 85, 0, 1264271224, 1264271224);

-- --------------------------------------------------------

--
-- 表的结构 `kuaso_links_temp`
--

CREATE TABLE IF NOT EXISTS `kuaso_links_temp` (
  `temp_id` mediumint(9) NOT NULL auto_increment,
  `url` varchar(225) NOT NULL,
  `updatetime` int(11) NOT NULL,
  PRIMARY KEY  (`temp_id`)
) ENGINE=MyISAM DEFAULT CHARSET=utf8 AUTO_INCREMENT=1 ;

--
-- 导出表中的数据 `kuaso_links_temp`
--


-- --------------------------------------------------------

--
-- 表的结构 `kuaso_nav`
--

CREATE TABLE IF NOT EXISTS `kuaso_nav` (
  `nav_id` mediumint(9) NOT NULL auto_increment,
  `title` varchar(225) NOT NULL,
  `content` mediumtext NOT NULL,
  `url` varchar(225) NOT NULL,
  `type` int(11) NOT NULL,
  `is_show` int(1) NOT NULL,
  `orderid` int(11) NOT NULL,
  PRIMARY KEY  (`nav_id`)
) ENGINE=MyISAM DEFAULT CHARSET=utf8 AUTO_INCREMENT=1 ;

--
-- 导出表中的数据 `kuaso_nav`
--


-- --------------------------------------------------------

--
-- 表的结构 `kuaso_search_keyword`
--

CREATE TABLE IF NOT EXISTS `kuaso_search_keyword` (
  `kid` mediumint(9) NOT NULL auto_increment,
  `s` int(11) NOT NULL,
  `keyword` varchar(225) NOT NULL,
  `hits` mediumint(9) NOT NULL,
  `lasttime` int(10) NOT NULL,
  PRIMARY KEY  (`kid`)
) ENGINE=MyISAM DEFAULT CHARSET=utf8 AUTO_INCREMENT=1 ;

--
-- 导出表中的数据 `kuaso_search_keyword`
--


-- --------------------------------------------------------

--
-- 表的结构 `kuaso_siteconfig`
--

CREATE TABLE IF NOT EXISTS `kuaso_siteconfig` (
  `config_id` mediumint(9) NOT NULL auto_increment,
  `name` varchar(225) NOT NULL,
  `user_agent` varchar(200) NOT NULL,
  `url` varchar(225) NOT NULL,
  `adtitle` varchar(225) NOT NULL,
  `icp` varchar(100) NOT NULL,
  `statcode` mediumtext NOT NULL,
  `copyright` mediumtext NOT NULL,
  `status_content` mediumtext NOT NULL,
  `Keywords` varchar(225) NOT NULL,
  `description` mediumtext NOT NULL,
  `telephone` varchar(225) NOT NULL,
  `qq` varchar(225) NOT NULL,
  `author` varchar(225) NOT NULL,
  `is_tijiao_shoulu` int(1) NOT NULL,
  `spider_depth` int(11) NOT NULL,
  `filter_word` mediumtext NOT NULL,
  PRIMARY KEY  (`config_id`)
) ENGINE=MyISAM  DEFAULT CHARSET=utf8 AUTO_INCREMENT=2 ;

--
-- 导出表中的数据 `kuaso_siteconfig`
--

INSERT INTO `kuaso_siteconfig` (`config_id`, `name`, `user_agent`, `url`, `adtitle`, `icp`, `statcode`, `copyright`, `status_content`, `Keywords`, `description`, `telephone`, `qq`, `author`, `is_tijiao_shoulu`, `spider_depth`, `filter_word`) VALUES
(1, '夸搜', 'kuaso', 'http://127.0.0.1', '出售高仿百度搜索引擎程序，联系QQ：8038506', '鄂ICP备09003279号', '<script src="http://s73.cnzz.com/stat.php?id=1088532&web_id=1088532&online=1&show=line" language="JavaScript" charset="gb2312"></script>', '&copy;2010 kuaso', '夸搜一下,你就知道!', '夸搜,夸搜搜索引擎,夸搜社区', '夸搜(www.kuaso.com)是全球最大最安全的搜索网站。是一个专业免费的搜索引擎。夸搜引擎专业免费提供网站信息索引。', '15807234626', '8038506', 'http://www.81link.cn/', 1, 4, '法轮功,嫩穴');

-- --------------------------------------------------------

--
-- 表的结构 `kuaso_sites`
--

CREATE TABLE IF NOT EXISTS `kuaso_sites` (
  `site_id` mediumint(9) NOT NULL auto_increment,
  `coding` varchar(20) NOT NULL,
  `qp` int(2) NOT NULL,
  `url` varchar(250) NOT NULL,
  `spider_depth` int(11) NOT NULL,
  `indexdate` int(10) NOT NULL,
  `addtime` int(10) NOT NULL,
  `com_count_ip` mediumint(9) NOT NULL,
  `com_time` int(11) NOT NULL,
  `include_word` mediumtext NOT NULL,
  `not_include_word` mediumtext NOT NULL,
  PRIMARY KEY  (`site_id`)
) ENGINE=MyISAM DEFAULT CHARSET=utf8 AUTO_INCREMENT=1 ;

--
-- 导出表中的数据 `kuaso_sites`
--


-- --------------------------------------------------------

--
-- 表的结构 `kuaso_stat_click`
--

CREATE TABLE IF NOT EXISTS `kuaso_stat_click` (
  `c_id` mediumint(9) NOT NULL auto_increment,
  `c_time` int(11) NOT NULL,
  `c_ip` varchar(100) NOT NULL,
  PRIMARY KEY  (`c_id`)
) ENGINE=MyISAM DEFAULT CHARSET=utf8 AUTO_INCREMENT=1 ;

--
-- 导出表中的数据 `kuaso_stat_click`
--


-- --------------------------------------------------------

--
-- 表的结构 `kuaso_stat_visitor`
--

CREATE TABLE IF NOT EXISTS `kuaso_stat_visitor` (
  `v_id` mediumint(9) NOT NULL auto_increment,
  `v_ip` varchar(225) NOT NULL,
  `v_time` int(11) NOT NULL,
  PRIMARY KEY  (`v_id`)
) ENGINE=MyISAM  DEFAULT CHARSET=utf8 AUTO_INCREMENT=2 ;

--
-- 导出表中的数据 `kuaso_stat_visitor`
--

INSERT INTO `kuaso_stat_visitor` (`v_id`, `v_ip`, `v_time`) VALUES
(1, '127.0.0.1', 1264264137);

-- --------------------------------------------------------

--
-- 表的结构 `kuaso_url_submit`
--

CREATE TABLE IF NOT EXISTS `kuaso_url_submit` (
  `submit_id` mediumint(9) NOT NULL auto_increment,
  `url` varchar(200) NOT NULL,
  `ip` text NOT NULL,
  `addtime` int(10) NOT NULL,
  PRIMARY KEY  (`submit_id`)
) ENGINE=MyISAM DEFAULT CHARSET=utf8 AUTO_INCREMENT=1 ;

--
-- 导出表中的数据 `kuaso_url_submit`
--


-- --------------------------------------------------------

--
-- 表的结构 `kuaso_zz_config`
--

CREATE TABLE IF NOT EXISTS `kuaso_zz_config` (
  `config_id` int(11) NOT NULL auto_increment,
  `default_point` int(11) NOT NULL,
  `getpoints` mediumtext NOT NULL,
  `zs_points` int(11) default NULL,
  PRIMARY KEY  (`config_id`)
) ENGINE=MyISAM DEFAULT CHARSET=utf8 AUTO_INCREMENT=1 ;

--
-- 导出表中的数据 `kuaso_zz_config`
--


-- --------------------------------------------------------

--
-- 表的结构 `kuaso_zz_links`
--

CREATE TABLE IF NOT EXISTS `kuaso_zz_links` (
  `link_id` mediumint(9) NOT NULL auto_increment,
  `user_id` mediumint(9) NOT NULL,
  `title` varchar(225) NOT NULL,
  `url` varchar(225) NOT NULL,
  `keywords` longtext NOT NULL,
  `description` varchar(225) NOT NULL,
  `price` int(11) NOT NULL,
  `jscode` mediumtext NOT NULL,
  `pic` varchar(225) NOT NULL,
  `updatetime` int(11) NOT NULL,
  `stat_click` int(11) NOT NULL,
  `consumption` int(11) NOT NULL,
  PRIMARY KEY  (`link_id`)
) ENGINE=MyISAM  DEFAULT CHARSET=utf8 AUTO_INCREMENT=2 ;

--
-- 导出表中的数据 `kuaso_zz_links`
--

INSERT INTO `kuaso_zz_links` (`link_id`, `user_id`, `title`, `url`, `keywords`, `description`, `price`, `jscode`, `pic`, `updatetime`, `stat_click`, `consumption`) VALUES
(1, 1, '出售夸搜高仿百度搜索引擎源码', 'http://www.kuaso.com/a/buy.html', '出售夸搜高仿百度搜索引擎源码', '仿百度搜索引擎软件蜘蛛组件包括三大功能模块：链接采集、网页分析、无效网页扫描；\r\n本程序完全高仿百度，有自主开发的蜘蛛智能抓取网页功能，非网络上仅仅只是界面模仿的免费程序！\r\n程序包含15大功能！', 1, '', '', 1264264104, 0, 0);

-- --------------------------------------------------------

--
-- 表的结构 `kuaso_zz_set_keywords`
--

CREATE TABLE IF NOT EXISTS `kuaso_zz_set_keywords` (
  `key_id` mediumint(9) NOT NULL auto_increment,
  `keywords` varchar(225) NOT NULL,
  `price` int(11) NOT NULL,
  PRIMARY KEY  (`key_id`)
) ENGINE=MyISAM DEFAULT CHARSET=utf8 AUTO_INCREMENT=1 ;

--
-- 导出表中的数据 `kuaso_zz_set_keywords`
--


-- --------------------------------------------------------

--
-- 表的结构 `kuaso_zz_user`
--

CREATE TABLE IF NOT EXISTS `kuaso_zz_user` (
  `user_id` mediumint(9) NOT NULL auto_increment,
  `question` varchar(225) NOT NULL,
  `answer` varchar(225) NOT NULL,
  `user_name` varchar(225) NOT NULL,
  `real_name` varchar(225) NOT NULL,
  `user_group` int(11) NOT NULL,
  `points` int(11) NOT NULL,
  `balance` decimal(10,2) NOT NULL,
  `password` varchar(225) NOT NULL,
  `email` varchar(225) NOT NULL,
  `reg_ip` varchar(225) NOT NULL,
  `reg_time` int(11) NOT NULL,
  PRIMARY KEY  (`user_id`)
) ENGINE=MyISAM  DEFAULT CHARSET=utf8 AUTO_INCREMENT=2 ;

--
-- 导出表中的数据 `kuaso_zz_user`
--

INSERT INTO `kuaso_zz_user` (`user_id`, `question`, `answer`, `user_name`, `real_name`, `user_group`, `points`, `balance`, `password`, `email`, `reg_ip`, `reg_time`) VALUES
(1, '夸搜客服', 'aef114f7e581b2d243cdc1f9db7637f5', '夸搜', '夸搜', 0, 1000, 0.00, '21232f297a57a5a743894a0e4a801fc3', 'kuaso@sina.com', '127.0.0.1', 1264264016);

-- --------------------------------------------------------

--
-- 表的结构 `kuaso_zz_website`
--

CREATE TABLE IF NOT EXISTS `kuaso_zz_website` (
  `site_id` mediumint(9) NOT NULL auto_increment,
  `user_id` mediumint(9) NOT NULL,
  `site_name` varchar(225) NOT NULL,
  `site_url` varchar(225) NOT NULL,
  `description` mediumtext NOT NULL,
  `addtime` int(11) NOT NULL,
  `updatetime` int(11) NOT NULL,
  PRIMARY KEY  (`site_id`)
) ENGINE=MyISAM DEFAULT CHARSET=utf8 AUTO_INCREMENT=1 ;

--
-- 导出表中的数据 `kuaso_zz_website`
--

