INSERT INTO `sdb_goods_cat` (`cat_id`, `parent_id`, `supplier_id`, `supplier_cat_id`, `cat_path`, `is_leaf`, `type_id`, `cat_name`, `disabled`, `p_order`, `goods_count`, `tabs`, `finder`, `addon`, `child_count`) VALUES(1, 0, NULL, NULL, ',', 'true', 1, '我的分类', 'false', 99, NULL, NULL, NULL, 'a:1:{s:4:"meta";a:2:{s:8:"keywords";s:0:"";s:11:"description";s:156:"                                                                        \r\n            \r\n            \r\n            \r\n            \r\n            \r\n            ";}}', 0);
INSERT INTO `sdb_goods_type` (`type_id`, `name`, `alias`, `is_physical`, `supplier_id`, `supplier_type_id`, `schema_id`, `props`, `spec`, `setting`, `minfo`, `params`, `dly_func`, `ret_func`, `reship`, `disabled`, `is_def`) VALUES(1, '通用商品类型', NULL, '1', NULL, NULL, 'simple', '', NULL, 'a:4:{s:8:"use_spec";N;s:9:"use_brand";b:1;s:9:"use_props";b:0;s:10:"use_params";b:0;}', NULL, 'a:0:{}', '0', '0', 'normal', 'false', 'true');
INSERT INTO `sdb_products` (`product_id`, `goods_id`, `barcode`, `title`, `bn`, `price`, `cost`, `name`, `weight`, `unit`, `store`, `freez`, `pdt_desc`, `props`, `uptime`, `last_modify`, `disabled`) VALUES(273, 1, NULL, NULL, 'G49B9CC6441F1F-4', 128.000, NULL, '我的第一件商品', 0.000, '', 99, NULL, '红色、M', 'a:3:{s:4:"spec";a:2:{i:1;s:6:"红色";i:2;s:1:"M";}s:21:"spec_private_value_id";a:2:{i:1;s:11:"12369131894";i:2;s:11:"12369132306";}s:13:"spec_value_id";a:2:{i:1;s:1:"6";i:2;s:2:"21";}}', NULL, NULL, 'false');
INSERT INTO `sdb_products` (`product_id`, `goods_id`, `barcode`, `title`, `bn`, `price`, `cost`, `name`, `weight`, `unit`, `store`, `freez`, `pdt_desc`, `props`, `uptime`, `last_modify`, `disabled`) VALUES(272, 1, NULL, NULL, 'G49B9CC6441F1F-3', 188.000, NULL, '我的第一件商品', 0.000, '', 99, NULL, '黄色、M', 'a:3:{s:4:"spec";a:2:{i:1;s:6:"黄色";i:2;s:1:"M";}s:21:"spec_private_value_id";a:2:{i:1;s:11:"12369131853";i:2;s:11:"12369132306";}s:13:"spec_value_id";a:2:{i:1;s:1:"7";i:2;s:2:"21";}}', NULL, NULL, 'false');
INSERT INTO `sdb_products` (`product_id`, `goods_id`, `barcode`, `title`, `bn`, `price`, `cost`, `name`, `weight`, `unit`, `store`, `freez`, `pdt_desc`, `props`, `uptime`, `last_modify`, `disabled`) VALUES(270, 1, NULL, NULL, 'G49B9CC6441F1F-1', 88.000, NULL, '我的第一件商品', 0.000, '', 99, NULL, '绿色、M', 'a:3:{s:4:"spec";a:2:{i:1;s:6:"绿色";i:2;s:1:"M";}s:21:"spec_private_value_id";a:2:{i:1;s:11:"12369131781";i:2;s:11:"12369132306";}s:13:"spec_value_id";a:2:{i:1;s:2:"13";i:2;s:2:"21";}}', NULL, NULL, 'false');
INSERT INTO `sdb_products` (`product_id`, `goods_id`, `barcode`, `title`, `bn`, `price`, `cost`, `name`, `weight`, `unit`, `store`, `freez`, `pdt_desc`, `props`, `uptime`, `last_modify`, `disabled`) VALUES(275, 1, NULL, NULL, 'G49B9CC6441F1F-6', 188.000, NULL, '我的第一件商品', 0.000, '', 99, NULL, '浅蓝色、X', 'a:3:{s:4:"spec";a:2:{i:1;s:9:"浅蓝色";i:2;s:1:"X";}s:21:"spec_private_value_id";a:2:{i:1;s:11:"12369131812";i:2;s:11:"12369132317";}s:13:"spec_value_id";a:2:{i:1;s:2:"15";i:2;s:2:"22";}}', NULL, NULL, 'false');
INSERT INTO `sdb_products` (`product_id`, `goods_id`, `barcode`, `title`, `bn`, `price`, `cost`, `name`, `weight`, `unit`, `store`, `freez`, `pdt_desc`, `props`, `uptime`, `last_modify`, `disabled`) VALUES(276, 1, NULL, NULL, 'G49B9CC6441F1F-7', 188.000, NULL, '我的第一件商品', 0.000, '', 0, NULL, '黄色、X', 'a:3:{s:4:"spec";a:2:{i:1;s:6:"黄色";i:2;s:1:"X";}s:21:"spec_private_value_id";a:2:{i:1;s:11:"12369131853";i:2;s:11:"12369132317";}s:13:"spec_value_id";a:2:{i:1;s:1:"7";i:2;s:2:"22";}}', NULL, NULL, 'false');
INSERT INTO `sdb_products` (`product_id`, `goods_id`, `barcode`, `title`, `bn`, `price`, `cost`, `name`, `weight`, `unit`, `store`, `freez`, `pdt_desc`, `props`, `uptime`, `last_modify`, `disabled`) VALUES(277, 1, NULL, NULL, 'G49B9CC6441F1F-8', 188.000, NULL, '我的第一件商品', 0.000, '', 0, NULL, '红色、X', 'a:3:{s:4:"spec";a:2:{i:1;s:6:"红色";i:2;s:1:"X";}s:21:"spec_private_value_id";a:2:{i:1;s:11:"12369131894";i:2;s:11:"12369132317";}s:13:"spec_value_id";a:2:{i:1;s:1:"6";i:2;s:2:"22";}}', NULL, NULL, 'false');
INSERT INTO `sdb_goods` (`goods_id`, `cat_id`, `type_id`, `goods_type`, `brand_id`, `brand`, `supplier_id`, `supplier_goods_id`, `ws_policy`, `wss_params`, `image_default`, `udfimg`, `thumbnail_pic`, `small_pic`, `big_pic`, `image_file`, `brief`, `intro`, `mktprice`, `cost`, `price`, `bn`, `name`, `marketable`, `weight`, `unit`, `store`, `score_setting`, `score`, `spec`, `pdt_desc`, `spec_desc`, `params`, `uptime`, `downtime`, `last_modify`, `disabled`, `notify_num`, `rank`, `rank_count`, `comments_count`, `view_w_count`, `view_count`, `buy_count`, `buy_w_count`, `count_stat`, `p_order`, `d_order`, `p_1`, `p_2`, `p_3`, `p_4`, `p_5`, `p_6`, `p_7`, `p_8`, `p_9`, `p_10`, `p_11`, `p_12`, `p_13`, `p_14`, `p_15`, `p_16`, `p_17`, `p_18`, `p_19`, `p_20`, `p_21`, `p_22`, `p_23`, `p_24`, `p_25`, `p_26`, `p_27`, `p_28`, `goods_info_update_status`, `stock_update_status`, `marketable_update_status`, `img_update_status`) VALUES(1, 1, 1, 'normal', 1, '我的品牌', NULL, NULL, '01', NULL, '414', 'false', 'http://pic.shopex.cn/pictures/gimages/7e4f6576d037421a.jpg', 'http://pic.shopex.cn/pictures/gimages/0cfaa5999d1896b5.jpg', 'http://pic.shopex.cn/pictures/gimages/5f6d42d8b9f247e3.jpg', NULL, '', '', 288.000, 0.000, 88.000, 'G49B9CCC357BCF', '我的第一件商品', 'true', 0.000, '', 396, 'number', NULL, NULL, 'a:6:{i:273;s:10:"红色、M";i:272;s:10:"黄色、M";i:270;s:10:"绿色、M";i:275;s:13:"浅蓝色、X";i:276;s:10:"黄色、X";i:277;s:10:"红色、X";}', 'a:2:{i:1;a:4:{s:11:"12369131781";a:5:{s:10:"spec_value";s:6:"绿色";s:9:"spec_type";s:5:"image";s:13:"spec_value_id";s:2:"13";s:10:"spec_image";s:0:"";s:17:"spec_goods_images";s:3:"414";}s:11:"12369131812";a:5:{s:10:"spec_value";s:9:"浅蓝色";s:9:"spec_type";s:5:"image";s:13:"spec_value_id";s:2:"15";s:10:"spec_image";s:0:"";s:17:"spec_goods_images";s:7:"413,415";}s:11:"12369131853";a:5:{s:10:"spec_value";s:6:"黄色";s:9:"spec_type";s:5:"image";s:13:"spec_value_id";s:1:"7";s:10:"spec_image";s:0:"";s:17:"spec_goods_images";s:3:"416";}s:11:"12369131894";a:5:{s:10:"spec_value";s:6:"红色";s:9:"spec_type";s:5:"image";s:13:"spec_value_id";s:1:"6";s:10:"spec_image";s:0:"";s:17:"spec_goods_images";s:3:"417";}}i:2;a:2:{s:11:"12369132306";a:5:{s:10:"spec_value";s:1:"M";s:9:"spec_type";s:4:"text";s:13:"spec_value_id";s:2:"21";s:10:"spec_image";s:0:"";s:17:"spec_goods_images";s:0:"";}s:11:"12369132317";a:5:{s:10:"spec_value";s:1:"X";s:9:"spec_type";s:4:"text";s:13:"spec_value_id";s:2:"22";s:10:"spec_image";s:0:"";s:17:"spec_goods_images";s:0:"";}}}', NULL, 1236913347, NULL, 1236913347, 'false', 0, 5.000, 0, 0, 9, 9, 0, 0, 'a:2:{s:4:"view";a:2:{i:14313;i:6;i:14314;i:3;}s:3:"buy";a:0:{}}', 1, 49, 0, 0, 0, 0, NULL, NULL, NULL, NULL, NULL, NULL, NULL, NULL, NULL, NULL, NULL, NULL, NULL, NULL, NULL, NULL, NULL, NULL, NULL, NULL, NULL, NULL, NULL, NULL, 'false', 'false', 'false', 'false');
INSERT INTO `sdb_currency` (`cur_name`, `cur_code`, `cur_sign`, `cur_rate`, `def_cur`, `disabled`) VALUES('人民币', 'CNY', '￥', 1.0000, 'true', 'false');
INSERT INTO `sdb_dly_type` (`dt_id`, `dt_name`, `detail`, `price`, `type`, `gateway`, `protect`, `protect_rate`, `ordernum`, `has_cod`, `minprice`, `disabled`, `corp_id`, `dt_config`, `dt_expressions`, `dt_status`) VALUES(1, 'EMS-中国邮政（示范）', '国内一般1-3天到达', '0', 1, 0, 0, 0.000, 50, 0, 0.00, 'false', 1, 'a:9:{s:10:"firstprice";s:2:"20";s:9:"firstunit";s:3:"500";s:13:"continueprice";s:1:"9";s:12:"continueunit";s:3:"500";s:15:"confexpressions";N;s:7:"setting";s:11:"setting_hda";s:9:"dt_useexp";i:0;s:7:"has_cod";N;s:10:"defAreaFee";N;}', '{{w-0}-0.4}*{{{500-w}-0.4}+1}*20+ {{w-500}-0.6}*[(w-500)/500]*9', 1);
INSERT INTO `sdb_dly_type` (`dt_id`, `dt_name`, `detail`, `price`, `type`, `gateway`, `protect`, `protect_rate`, `ordernum`, `has_cod`, `minprice`, `disabled`, `corp_id`, `dt_config`, `dt_expressions`, `dt_status`) VALUES(2, '快递-申通深圳（示范）', '国内一般1-2天送达', '0', 1, 0, 0, 0.000, 50, 0, 0.00, 'false', 2, 'a:9:{s:10:"firstprice";s:2:"15";s:9:"firstunit";s:4:"1000";s:13:"continueprice";s:2:"10";s:12:"continueunit";s:4:"1000";s:15:"confexpressions";N;s:7:"setting";s:11:"setting_sda";s:9:"dt_useexp";i:0;s:7:"has_cod";N;s:10:"defAreaFee";i:1;}', '{{w-0}-0.4}*{{{1000-w}-0.4}+1}*15+ {{w-1000}-0.6}*[(w-1000)/1000]*10', 1);
INSERT INTO `sdb_dly_type` (`dt_id`, `dt_name`, `detail`, `price`, `type`, `gateway`, `protect`, `protect_rate`, `ordernum`, `has_cod`, `minprice`, `disabled`, `corp_id`, `dt_config`, `dt_expressions`, `dt_status`) VALUES(3, '快递-顺丰上海（示范）', '<P>江浙沪当日送达，其他地区隔日送达</P>', '0', 1, 0, 0, 0.000, 50, 0, 0.00, 'false', 4, 'a:9:{s:10:"firstprice";s:2:"20";s:9:"firstunit";s:4:"1000";s:13:"continueprice";s:2:"10";s:12:"continueunit";s:4:"1000";s:15:"confexpressions";N;s:7:"setting";s:11:"setting_sda";s:9:"dt_useexp";i:0;s:7:"has_cod";N;s:10:"defAreaFee";i:1;}', '{{w-0}-0.4}*{{{1000-w}-0.4}+1}*20+ {{w-1000}-0.6}*[(w-1000)/1000]*10', 1);
INSERT INTO `sdb_dly_type` (`dt_id`, `dt_name`, `detail`, `price`, `type`, `gateway`, `protect`, `protect_rate`, `ordernum`, `has_cod`, `minprice`, `disabled`, `corp_id`, `dt_config`, `dt_expressions`, `dt_status`) VALUES(4, '上海同城快递（示范）', '当日送达', '0', 1, 0, 0, 0.000, 50, 0, 0.00, 'false', 0, 'a:9:{s:10:"firstprice";s:0:"";s:9:"firstunit";s:4:"1000";s:13:"continueprice";s:0:"";s:12:"continueunit";s:4:"1000";s:15:"confexpressions";N;s:7:"setting";s:11:"setting_sda";s:9:"dt_useexp";i:0;s:7:"has_cod";N;s:10:"defAreaFee";i:0;}', '{{w-0}-0.4}*{{{1000-w}-0.4}+1}*+ {{w-1000}-0.6}*[(w-1000)/1000]*', 1);
INSERT INTO `sdb_dly_type` (`dt_id`, `dt_name`, `detail`, `price`, `type`, `gateway`, `protect`, `protect_rate`, `ordernum`, `has_cod`, `minprice`, `disabled`, `corp_id`, `dt_config`, `dt_expressions`, `dt_status`) VALUES(8, '平邮（示范）', '', '0', 1, 0, 0, 0.000, 50, 0, 0.00, 'false', 0, 'a:9:{s:10:"firstprice";s:1:"5";s:9:"firstunit";s:3:"500";s:13:"continueprice";s:1:"2";s:12:"continueunit";s:3:"500";s:15:"confexpressions";s:0:"";s:7:"setting";s:11:"setting_hda";s:9:"dt_useexp";i:0;s:7:"has_cod";N;s:10:"defAreaFee";N;}', '{{w-0}-0.4}*{{{500-w}-0.4}+1}*5+ {{w-500}-0.6}*[(w-500)/500]*2', 1);
INSERT INTO `sdb_dly_type` (`dt_id`, `dt_name`, `detail`, `price`, `type`, `gateway`, `protect`, `protect_rate`, `ordernum`, `has_cod`, `minprice`, `disabled`, `corp_id`, `dt_config`, `dt_expressions`, `dt_status`) VALUES(9, '货到付款（示范）', '送货并上门收款', '0', 1, 0, 1, 0.010, 50, 0, 10.00, 'false', 0, 'a:11:{s:10:"firstprice";N;s:9:"firstunit";s:4:"1000";s:13:"continueprice";N;s:12:"continueunit";s:4:"1000";s:15:"confexpressions";N;s:7:"setting";s:11:"setting_sda";s:9:"dt_useexp";i:0;s:7:"has_cod";N;s:11:"protectrate";s:1:"1";s:15:"minprotectprice";s:2:"10";s:10:"defAreaFee";i:0;}', '{{w-0}-0.4}*{{{1000-w}-0.4}+1}*+ {{w-1000}-0.6}*[(w-1000)/1000]*', 1);
INSERT INTO `sdb_dly_type` (`dt_id`, `dt_name`, `detail`, `price`, `type`, `gateway`, `protect`, `protect_rate`, `ordernum`, `has_cod`, `minprice`, `disabled`, `corp_id`, `dt_config`, `dt_expressions`, `dt_status`) VALUES(10, '上门自取（示范）', '到指定门店自取', '0', 1, 0, 0, 0.000, 50, 0, 0.00, 'false', 0, 'a:9:{s:10:"firstprice";s:1:"0";s:9:"firstunit";s:4:"1000";s:13:"continueprice";s:1:"0";s:12:"continueunit";s:4:"1000";s:15:"confexpressions";s:0:"";s:7:"setting";s:11:"setting_hda";s:9:"dt_useexp";i:0;s:7:"has_cod";N;s:10:"defAreaFee";N;}', '{{w-0}-0.4}*{{{1000-w}-0.4}+1}*0+ {{w-1000}-0.6}*[(w-1000)/1000]*0', 1);
INSERT INTO `sdb_payment_cfg` (`id`, `custom_name`, `pay_type`, `config`, `fee`, `des`, `order_num`, `disabled`, `orderlist`) VALUES(1, '预存款支付', 'deposit', 'a:0:{}', 0.00000, '商店预存款支付', 0, 'false', 5);
INSERT INTO `sdb_payment_cfg` (`id`, `custom_name`, `pay_type`, `config`, `fee`, `des`, `order_num`, `disabled`, `orderlist`) VALUES(29, '货到付款（示范）', 'offline', 'a:0:{}', 0.00000, '收货后支付款项<BR><FONT color=#ff0000>修改信息请到 商店管理后台 &gt;&gt; 商店配置 &gt;&gt; 支付方式 中进行编辑</FONT>', 0, 'false', 0);
INSERT INTO `sdb_payment_cfg` (`id`, `custom_name`, `pay_type`, `config`, `fee`, `des`, `order_num`, `disabled`, `orderlist`) VALUES(30, '支付宝（示范）', 'alipay', 'a:3:{s:9:"member_id";s:0:"";s:10:"PrivateKey";s:0:"";s:11:"real_method";s:1:"0";}', 0.00000, '', 0, 'false', 3);
INSERT INTO `sdb_payment_cfg` (`id`, `custom_name`, `pay_type`, `config`, `fee`, `des`, `order_num`, `disabled`, `orderlist`) VALUES(27, '腾讯财付通（示范）', 'tenpaytrad', 'a:2:{s:9:"member_id";s:0:"";s:10:"PrivateKey";s:0:"";}', 0.00000, '<P><FONT color=#ff0000><SPAN style="FONT-SIZE: 9pt; COLOR: red; FONT-FAMILY: 宋体; mso-ascii-font-family: Arial; mso-hansi-font-family: Arial; mso-bidi-font-family: Arial; mso-font-kerning: 1.0pt; mso-ansi-language: EN-US; mso-fareast-language: ZH-CN; mso-bidi-language: AR-SA"><FONT color=#000000>财富通担保交易付款，购物更安全<BR></FONT>修改信息</SPAN>请到 商店管理后台 &gt;&gt; 商店配置 &gt;&gt; 支付方式 中进行编辑</FONT></P>', 0, 'false', 2);
INSERT INTO `sdb_payment_cfg` (`id`, `custom_name`, `pay_type`, `config`, `fee`, `des`, `order_num`, `disabled`, `orderlist`) VALUES(28, '汇款-工商银行（示范）', 'offline', 'a:0:{}', 0.00000, '<SPAN style="FONT-SIZE: 10.5pt; FONT-FAMILY: 宋体; mso-bidi-font-size: 12.0pt; mso-ascii-font-family: ''Times New Roman''; mso-hansi-font-family: ''Times New Roman''; mso-bidi-font-family: ''Times New Roman''; mso-font-kerning: 1.0pt; mso-ansi-language: EN-US; mso-fareast-language: ZH-CN; mso-bidi-language: AR-SA">帐号：</SPAN><SPAN lang=EN-US style="FONT-SIZE: 10.5pt; FONT-FAMILY: ''Times New Roman''; mso-bidi-font-size: 12.0pt; mso-font-kerning: 1.0pt; mso-ansi-language: EN-US; mso-fareast-language: ZH-CN; mso-bidi-language: AR-SA; mso-fareast-font-family: 宋体">95588 25888 66666 XXXX </SPAN><SPAN style="FONT-SIZE: 10.5pt; FONT-FAMILY: 宋体; mso-bidi-font-size: 12.0pt; mso-ascii-font-family: ''Times New Roman''; mso-hansi-font-family: ''Times New Roman''; mso-bidi-font-family: ''Times New Roman''; mso-font-kerning: 1.0pt; mso-ansi-language: EN-US; mso-fareast-language: ZH-CN; mso-bidi-language: AR-SA">开户名：刘强<BR><SPAN style="FONT-SIZE: 9pt; COLOR: red; FONT-FAMILY: 宋体; mso-ascii-font-family: Arial; mso-hansi-font-family: Arial; mso-bidi-font-family: Arial; mso-font-kerning: 1.0pt; mso-ansi-language: EN-US; mso-fareast-language: ZH-CN; mso-bidi-language: AR-SA">修改信息请到</SPAN><SPAN style="FONT-SIZE: 9pt; COLOR: red; FONT-FAMILY: Arial; mso-font-kerning: 1.0pt; mso-ansi-language: EN-US; mso-fareast-language: ZH-CN; mso-bidi-language: AR-SA; mso-fareast-font-family: 宋体"> </SPAN><SPAN style="FONT-SIZE: 9pt; COLOR: red; FONT-FAMILY: 宋体; mso-ascii-font-family: Arial; mso-hansi-font-family: Arial; mso-bidi-font-family: Arial; mso-font-kerning: 1.0pt; mso-ansi-language: EN-US; mso-fareast-language: ZH-CN; mso-bidi-language: AR-SA">商店管理后台</SPAN><SPAN lang=EN-US style="FONT-SIZE: 9pt; COLOR: red; FONT-FAMILY: Arial; mso-font-kerning: 1.0pt; mso-ansi-language: EN-US; mso-fareast-language: ZH-CN; mso-bidi-language: AR-SA; mso-fareast-font-family: 宋体"> &gt;&gt; </SPAN><SPAN style="FONT-SIZE: 9pt; COLOR: red; FONT-FAMILY: 宋体; mso-ascii-font-family: Arial; mso-hansi-font-family: Arial; mso-bidi-font-family: Arial; mso-font-kerning: 1.0pt; mso-ansi-language: EN-US; mso-fareast-language: ZH-CN; mso-bidi-language: AR-SA">商店配置</SPAN><SPAN lang=EN-US style="FONT-SIZE: 9pt; COLOR: red; FONT-FAMILY: Arial; mso-font-kerning: 1.0pt; mso-ansi-language: EN-US; mso-fareast-language: ZH-CN; mso-bidi-language: AR-SA; mso-fareast-font-family: 宋体"> &gt;&gt; </SPAN><SPAN style="FONT-SIZE: 9pt; COLOR: red; FONT-FAMILY: 宋体; mso-ascii-font-family: Arial; mso-hansi-font-family: Arial; mso-bidi-font-family: Arial; mso-font-kerning: 1.0pt; mso-ansi-language: EN-US; mso-fareast-language: ZH-CN; mso-bidi-language: AR-SA">支付方式</SPAN><SPAN style="FONT-SIZE: 9pt; COLOR: red; FONT-FAMILY: Arial; mso-font-kerning: 1.0pt; mso-ansi-language: EN-US; mso-fareast-language: ZH-CN; mso-bidi-language: AR-SA; mso-fareast-font-family: 宋体"> </SPAN><SPAN style="FONT-SIZE: 9pt; COLOR: red; FONT-FAMILY: 宋体; mso-ascii-font-family: Arial; mso-hansi-font-family: Arial; mso-bidi-font-family: Arial; mso-font-kerning: 1.0pt; mso-ansi-language: EN-US; mso-fareast-language: ZH-CN; mso-bidi-language: AR-SA">中进行编辑</SPAN></SPAN>', 0, 'false', 4);
INSERT INTO `sdb_brand` (`brand_id`, `supplier_id`, `supplier_brand_id`, `brand_name`, `brand_url`, `brand_desc`, `brand_logo`, `brand_keywords`, `disabled`, `ordernum`) VALUES(1, NULL, 0, '我的品牌', 'http://www.mybrand.com/', '', 'http://pic.shopex.cn/pictures/brandimg/default.gif', '', 'false', 1);
INSERT INTO `sdb_specification` (`spec_id`, `spec_name`, `spec_show_type`, `spec_type`, `spec_memo`, `p_order`, `disabled`) VALUES(1, '颜色', 'flat', 'image', '服装鞋帽', 0, 'false');
INSERT INTO `sdb_specification` (`spec_id`, `spec_name`, `spec_show_type`, `spec_type`, `spec_memo`, `p_order`, `disabled`) VALUES(2, '尺码', 'flat', 'text', '服装', 0, 'false');
INSERT INTO `sdb_specification` (`spec_id`, `spec_name`, `spec_show_type`, `spec_type`, `spec_memo`, `p_order`, `disabled`) VALUES(3, '尺码', 'flat', 'text', '鞋类-女士', 0, 'false');
INSERT INTO `sdb_specification` (`spec_id`, `spec_name`, `spec_show_type`, `spec_type`, `spec_memo`, `p_order`, `disabled`) VALUES(4, '尺码', 'flat', 'text', '鞋类-男士', 0, 'false');
INSERT INTO `sdb_specification` (`spec_id`, `spec_name`, `spec_show_type`, `spec_type`, `spec_memo`, `p_order`, `disabled`) VALUES(5, '尺码', 'flat', 'text', '鞋类-童鞋', 0, 'false');
INSERT INTO `sdb_settings` (`s_name`, `s_data`, `s_time`, `disabled`) VALUES('site', 'a:13:{s:8:"certtext";s:0:"";s:9:"tax_ratio";s:1:"0";s:19:"reading_glass_width";s:3:"430";s:20:"reading_glass_height";s:3:"600";s:13:"reading_glass";i:0;s:19:"thumbnail_pic_width";s:3:"120";s:20:"thumbnail_pic_height";s:3:"160";s:13:"big_pic_width";s:3:"600";s:14:"big_pic_height";s:3:"600";s:15:"small_pic_width";s:3:"300";s:16:"small_pic_height";s:3:"300";s:25:"watermark.wm_small_enable";s:1:"0";s:23:"watermark.wm_big_enable";s:1:"0";}', 1236910512, 'false');
INSERT INTO `sdb_settings` (`s_name`, `s_data`, `s_time`, `disabled`) VALUES('system','a:1:{s:9:\"foot_edit\";s:1906:\"\n<div class=\"themefootText textcenter\">\n \n<p>\n<a href=\"http://www.tenpay.com\" target=\"_blank\"><img src=\"statics/copyright_tenpay.gif\"></a><a href=\"http://www.ebay.cn\" target=\"_blank\"><img src=\"statics/copyright_ebay.gif\"></a><a href=\"http://www.yeepay.com\" target=\"_blank\"><img src=\"statics/copyright_yeepay.gif\"></a><img src=\"statics/copyright_cmb.gif\"><img src=\"statics/copyright_icbc.gif\"><img src=\"statics/copyright_paypal.gif\"><img src=\"statics/copyright_alipay.gif\"> \n</p>\n \n<div class=\"font11px\">\n<span style=\"font-size: 9pt; color: rgb(102, 102, 102); font-family: simsun;\"><strong><span style=\"font-size: 10.5pt; color: red; font-family: simsun;\">修改本区域内容，请到</span><span style=\"font-size: 10.5pt; color: red; font-family: \'Times New Roman\';\"> </span><span style=\"font-size: 10.5pt; color: red; font-family: simsun;\">商店管理后台</span><span style=\"font-size: 10.5pt; color: red; font-family: \'Times New Roman\';\" lang=\"EN-US\"> <span style=\"font-size: 10.5pt; color: red; font-family: simsun;\">&gt;&gt;</span>&nbsp;页面管理<span style=\"font-size: 10.5pt; color: red; font-family: \'Times New Roman\';\" lang=\"EN-US\"> <span style=\"font-size: 10.5pt; color: red; font-family: simsun;\">&gt;&gt; </span>网页底部信息</span></span><span style=\"font-size: 10.5pt; color: red; font-family: \'Times New Roman\';\" lang=\"EN-US\">&nbsp;&nbsp; </span><span style=\"font-size: 10.5pt; color: red; font-family: simsun;\">进行编辑</span></strong></span>\n</div>\n \n<div class=\"font11px\">\n&copy; 2001～2009 All rights reserved \n</div>\n \n<div class=\"fontcolorGray\" style=\"line-height: 22px;\">\n本商店顾客个人信息将不会被泄漏给其他任何机构和个人<br>本商店logo和图片都已经申请保护，不经授权不得使用 <br>有任何购物问题请联系我们在线客服 | 电话：800-800-88888800 | 工作时间：周一至周五 8:00－18:00 \n</div>\n\n</div>\n\n\";}',1237024019,'false');
INSERT INTO `sdb_settings` (`s_name`, `s_data`, `s_time`, `disabled`) VALUES('goodsprop','a:2:{s:14:"display.switch";s:1:"1";s:16:"display.position";s:1:"1";}',1241604342,'false');
INSERT INTO `sdb_spec_values` (`spec_value_id`, `spec_id`, `spec_value`, `spec_image`, `p_order`) VALUES(1, 1, '白色', 'images/default/spec-15.gif|default/spec-15.gif|fs_storager', 2);
INSERT INTO `sdb_spec_values` (`spec_value_id`, `spec_id`, `spec_value`, `spec_image`, `p_order`) VALUES(2, 1, '橙色', 'images/default/spec-4.gif|default/spec-4.gif|fs_storager', 8);
INSERT INTO `sdb_spec_values` (`spec_value_id`, `spec_id`, `spec_value`, `spec_image`, `p_order`) VALUES(3, 1, '粉红色', 'images/default/spec-12.gif|default/spec-12.gif|fs_storager', 9);
INSERT INTO `sdb_spec_values` (`spec_value_id`, `spec_id`, `spec_value`, `spec_image`, `p_order`) VALUES(48, 4, '41', '', 5);
INSERT INTO `sdb_spec_values` (`spec_value_id`, `spec_id`, `spec_value`, `spec_image`, `p_order`) VALUES(40, 2, 'XS', '', 2);
INSERT INTO `sdb_spec_values` (`spec_value_id`, `spec_id`, `spec_value`, `spec_image`, `p_order`) VALUES(41, 2, '均码', '', 0);
INSERT INTO `sdb_spec_values` (`spec_value_id`, `spec_id`, `spec_value`, `spec_image`, `p_order`) VALUES(5, 1, '黑色', 'images/default/spec-7.gif|default/spec-7.gif|fs_storager', 1);
INSERT INTO `sdb_spec_values` (`spec_value_id`, `spec_id`, `spec_value`, `spec_image`, `p_order`) VALUES(6, 1, '红色', 'images/default/spec-14.gif|default/spec-14.gif|fs_storager', 10);
INSERT INTO `sdb_spec_values` (`spec_value_id`, `spec_id`, `spec_value`, `spec_image`, `p_order`) VALUES(7, 1, '黄色', 'images/default/spec-1.gif|default/spec-1.gif|fs_storager', 4);
INSERT INTO `sdb_spec_values` (`spec_value_id`, `spec_id`, `spec_value`, `spec_image`, `p_order`) VALUES(8, 1, '灰色', 'images/default/spec-5.gif|default/spec-5.gif|fs_storager', 1);
INSERT INTO `sdb_spec_values` (`spec_value_id`, `spec_id`, `spec_value`, `spec_image`, `p_order`) VALUES(9, 1, '金色', 'images/default/spec-3.gif|default/spec-3.gif|fs_storager', 6);
INSERT INTO `sdb_spec_values` (`spec_value_id`, `spec_id`, `spec_value`, `spec_image`, `p_order`) VALUES(10, 1, '酒红色', 'images/default/spec-2.gif|default/spec-2.gif|fs_storager', 11);
INSERT INTO `sdb_spec_values` (`spec_value_id`, `spec_id`, `spec_value`, `spec_image`, `p_order`) VALUES(11, 1, '卡其色', 'images/default/spec-9.gif|default/spec-9.gif|fs_storager', 5);
INSERT INTO `sdb_spec_values` (`spec_value_id`, `spec_id`, `spec_value`, `spec_image`, `p_order`) VALUES(12, 1, '蓝色', 'images/default/spec-6.gif|default/spec-6.gif|fs_storager', 13);
INSERT INTO `sdb_spec_values` (`spec_value_id`, `spec_id`, `spec_value`, `spec_image`, `p_order`) VALUES(13, 1, '绿色', 'images/default/spec-18.gif|default/spec-18.gif|fs_storager', 17);
INSERT INTO `sdb_spec_values` (`spec_value_id`, `spec_id`, `spec_value`, `spec_image`, `p_order`) VALUES(14, 1, '米黄色', 'images/default/spec-20.gif|default/spec-20.gif|fs_storager', 3);
INSERT INTO `sdb_spec_values` (`spec_value_id`, `spec_id`, `spec_value`, `spec_image`, `p_order`) VALUES(15, 1, '浅蓝色', 'images/default/spec-16.gif|default/spec-16.gif|fs_storager', 15);
INSERT INTO `sdb_spec_values` (`spec_value_id`, `spec_id`, `spec_value`, `spec_image`, `p_order`) VALUES(16, 1, '紫色', 'images/default/spec-11.gif|default/spec-11.gif|fs_storager', 16);
INSERT INTO `sdb_spec_values` (`spec_value_id`, `spec_id`, `spec_value`, `spec_image`, `p_order`) VALUES(17, 1, '深蓝色', 'images/default/spec-17.gif|default/spec-17.gif|fs_storager', 13);
INSERT INTO `sdb_spec_values` (`spec_value_id`, `spec_id`, `spec_value`, `spec_image`, `p_order`) VALUES(18, 1, '银色', 'images/default/spec-13.gif|default/spec-13.gif|fs_storager', 7);
INSERT INTO `sdb_spec_values` (`spec_value_id`, `spec_id`, `spec_value`, `spec_image`, `p_order`) VALUES(19, 1, '混色', 'images/default/spec-10.gif|default/spec-10.gif|fs_storager', 19);
INSERT INTO `sdb_spec_values` (`spec_value_id`, `spec_id`, `spec_value`, `spec_image`, `p_order`) VALUES(80, 1, '咖啡色', 'images/default/spec-21.gif|default/spec-21.gif|fs_storager', 12);
INSERT INTO `sdb_spec_values` (`spec_value_id`, `spec_id`, `spec_value`, `spec_image`, `p_order`) VALUES(20, 2, 'S', '', 3);
INSERT INTO `sdb_spec_values` (`spec_value_id`, `spec_id`, `spec_value`, `spec_image`, `p_order`) VALUES(21, 2, 'M', '', 4);
INSERT INTO `sdb_spec_values` (`spec_value_id`, `spec_id`, `spec_value`, `spec_image`, `p_order`) VALUES(22, 2, 'L', '', 5);
INSERT INTO `sdb_spec_values` (`spec_value_id`, `spec_id`, `spec_value`, `spec_image`, `p_order`) VALUES(23, 2, 'XL', '', 6);
INSERT INTO `sdb_spec_values` (`spec_value_id`, `spec_id`, `spec_value`, `spec_image`, `p_order`) VALUES(24, 2, 'XXL', '', 7);
INSERT INTO `sdb_spec_values` (`spec_value_id`, `spec_id`, `spec_value`, `spec_image`, `p_order`) VALUES(25, 2, 'XXXL', '', 8);
INSERT INTO `sdb_spec_values` (`spec_value_id`, `spec_id`, `spec_value`, `spec_image`, `p_order`) VALUES(26, 3, '34', '', 0);
INSERT INTO `sdb_spec_values` (`spec_value_id`, `spec_id`, `spec_value`, `spec_image`, `p_order`) VALUES(27, 3, '35', '', 1);
INSERT INTO `sdb_spec_values` (`spec_value_id`, `spec_id`, `spec_value`, `spec_image`, `p_order`) VALUES(28, 3, '36', '', 2);
INSERT INTO `sdb_spec_values` (`spec_value_id`, `spec_id`, `spec_value`, `spec_image`, `p_order`) VALUES(29, 3, '37', '', 3);
INSERT INTO `sdb_spec_values` (`spec_value_id`, `spec_id`, `spec_value`, `spec_image`, `p_order`) VALUES(30, 3, '38', '', 4);
INSERT INTO `sdb_spec_values` (`spec_value_id`, `spec_id`, `spec_value`, `spec_image`, `p_order`) VALUES(31, 3, '39', '', 5);
INSERT INTO `sdb_spec_values` (`spec_value_id`, `spec_id`, `spec_value`, `spec_image`, `p_order`) VALUES(32, 3, '40', '', 6);
INSERT INTO `sdb_spec_values` (`spec_value_id`, `spec_id`, `spec_value`, `spec_image`, `p_order`) VALUES(33, 3, '41', '', 7);
INSERT INTO `sdb_spec_values` (`spec_value_id`, `spec_id`, `spec_value`, `spec_image`, `p_order`) VALUES(47, 4, '40', '', 4);
INSERT INTO `sdb_spec_values` (`spec_value_id`, `spec_id`, `spec_value`, `spec_image`, `p_order`) VALUES(46, 4, '39', '', 3);
INSERT INTO `sdb_spec_values` (`spec_value_id`, `spec_id`, `spec_value`, `spec_image`, `p_order`) VALUES(45, 4, '38', '', 2);
INSERT INTO `sdb_spec_values` (`spec_value_id`, `spec_id`, `spec_value`, `spec_image`, `p_order`) VALUES(44, 4, '37', '', 1);
INSERT INTO `sdb_spec_values` (`spec_value_id`, `spec_id`, `spec_value`, `spec_image`, `p_order`) VALUES(43, 4, '36', '', 0);
INSERT INTO `sdb_spec_values` (`spec_value_id`, `spec_id`, `spec_value`, `spec_image`, `p_order`) VALUES(42, 2, 'XXS', '', 1);
INSERT INTO `sdb_spec_values` (`spec_value_id`, `spec_id`, `spec_value`, `spec_image`, `p_order`) VALUES(49, 4, '42', '', 6);
INSERT INTO `sdb_spec_values` (`spec_value_id`, `spec_id`, `spec_value`, `spec_image`, `p_order`) VALUES(50, 4, '43', '', 7);
INSERT INTO `sdb_spec_values` (`spec_value_id`, `spec_id`, `spec_value`, `spec_image`, `p_order`) VALUES(51, 4, '45', '', 8);
INSERT INTO `sdb_spec_values` (`spec_value_id`, `spec_id`, `spec_value`, `spec_image`, `p_order`) VALUES(52, 4, '46', '', 9);
INSERT INTO `sdb_spec_values` (`spec_value_id`, `spec_id`, `spec_value`, `spec_image`, `p_order`) VALUES(53, 4, '47', '', 10);
INSERT INTO `sdb_spec_values` (`spec_value_id`, `spec_id`, `spec_value`, `spec_image`, `p_order`) VALUES(54, 5, '12', '', 0);
INSERT INTO `sdb_spec_values` (`spec_value_id`, `spec_id`, `spec_value`, `spec_image`, `p_order`) VALUES(55, 5, '13', '', 1);
INSERT INTO `sdb_spec_values` (`spec_value_id`, `spec_id`, `spec_value`, `spec_image`, `p_order`) VALUES(56, 5, '14', '', 2);
INSERT INTO `sdb_spec_values` (`spec_value_id`, `spec_id`, `spec_value`, `spec_image`, `p_order`) VALUES(57, 5, '15', '', 3);
INSERT INTO `sdb_spec_values` (`spec_value_id`, `spec_id`, `spec_value`, `spec_image`, `p_order`) VALUES(58, 5, '16', '', 4);
INSERT INTO `sdb_spec_values` (`spec_value_id`, `spec_id`, `spec_value`, `spec_image`, `p_order`) VALUES(59, 5, '17', '', 5);
INSERT INTO `sdb_spec_values` (`spec_value_id`, `spec_id`, `spec_value`, `spec_image`, `p_order`) VALUES(60, 5, '18', '', 6);
INSERT INTO `sdb_spec_values` (`spec_value_id`, `spec_id`, `spec_value`, `spec_image`, `p_order`) VALUES(61, 5, '19', '', 7);
INSERT INTO `sdb_spec_values` (`spec_value_id`, `spec_id`, `spec_value`, `spec_image`, `p_order`) VALUES(62, 5, '20', '', 8);
INSERT INTO `sdb_spec_values` (`spec_value_id`, `spec_id`, `spec_value`, `spec_image`, `p_order`) VALUES(63, 5, '21', '', 9);
INSERT INTO `sdb_spec_values` (`spec_value_id`, `spec_id`, `spec_value`, `spec_image`, `p_order`) VALUES(64, 5, '22', '', 10);
INSERT INTO `sdb_spec_values` (`spec_value_id`, `spec_id`, `spec_value`, `spec_image`, `p_order`) VALUES(65, 5, '23', '', 11);
INSERT INTO `sdb_spec_values` (`spec_value_id`, `spec_id`, `spec_value`, `spec_image`, `p_order`) VALUES(66, 5, '24', '', 12);
INSERT INTO `sdb_spec_values` (`spec_value_id`, `spec_id`, `spec_value`, `spec_image`, `p_order`) VALUES(67, 5, '25', '', 13);
INSERT INTO `sdb_spec_values` (`spec_value_id`, `spec_id`, `spec_value`, `spec_image`, `p_order`) VALUES(68, 5, '26', '', 14);
INSERT INTO `sdb_spec_values` (`spec_value_id`, `spec_id`, `spec_value`, `spec_image`, `p_order`) VALUES(69, 5, '27', '', 15);
INSERT INTO `sdb_spec_values` (`spec_value_id`, `spec_id`, `spec_value`, `spec_image`, `p_order`) VALUES(70, 5, '28', '', 16);
INSERT INTO `sdb_spec_values` (`spec_value_id`, `spec_id`, `spec_value`, `spec_image`, `p_order`) VALUES(71, 5, '29', '', 17);
INSERT INTO `sdb_spec_values` (`spec_value_id`, `spec_id`, `spec_value`, `spec_image`, `p_order`) VALUES(72, 5, '30', '', 18);
INSERT INTO `sdb_spec_values` (`spec_value_id`, `spec_id`, `spec_value`, `spec_image`, `p_order`) VALUES(73, 5, '31', '', 19);
INSERT INTO `sdb_spec_values` (`spec_value_id`, `spec_id`, `spec_value`, `spec_image`, `p_order`) VALUES(74, 5, '32', '', 20);
INSERT INTO `sdb_spec_values` (`spec_value_id`, `spec_id`, `spec_value`, `spec_image`, `p_order`) VALUES(75, 5, '33', '', 21);
INSERT INTO `sdb_spec_values` (`spec_value_id`, `spec_id`, `spec_value`, `spec_image`, `p_order`) VALUES(76, 5, '34', '', 22);
INSERT INTO `sdb_spec_values` (`spec_value_id`, `spec_id`, `spec_value`, `spec_image`, `p_order`) VALUES(77, 5, '35', '', 23);
INSERT INTO `sdb_spec_values` (`spec_value_id`, `spec_id`, `spec_value`, `spec_image`, `p_order`) VALUES(78, 5, '36', '', 24);
INSERT INTO `sdb_spec_values` (`spec_value_id`, `spec_id`, `spec_value`, `spec_image`, `p_order`) VALUES(79, 5, '37', '', 25);
INSERT INTO `sdb_admin_roles` (`role_id`, `role_name`, `role_memo`, `disabled`) VALUES(1, '商品管理员', '', 'false');
INSERT INTO `sdb_admin_roles` (`role_id`, `role_name`, `role_memo`, `disabled`) VALUES(2, '订单管理员', '', 'false');
INSERT INTO `sdb_admin_roles` (`role_id`, `role_name`, `role_memo`, `disabled`) VALUES(3, '促销管理员', '', 'false');
INSERT INTO `sdb_admin_roles` (`role_id`, `role_name`, `role_memo`, `disabled`) VALUES(4, '内容管理员', '', 'false');
INSERT INTO `sdb_print_tmpl` (`prt_tmpl_id`, `prt_tmpl_title`, `shortcut`, `disabled`, `prt_tmpl_width`, `prt_tmpl_height`, `prt_tmpl_data`) VALUES(1, 'EMS', 'true', 'false', 250, 150, '<printer picposition="0:0"><item><name>发货人-姓名</name><ucode>dly_name</ucode><font></font><fontsize>14</fontsize><fontspace>0</fontspace><border>1</border><italic>0</italic><align>left</align><position>132:126:91:24</position></item><item><name>网店名称</name><ucode>shop_name</ucode><font></font><fontsize>12</fontsize><fontspace>0</fontspace><border>0</border><italic>0</italic><align>left</align><position>189:154:219:23</position></item><item><name>发货人-地址</name><ucode>dly_address</ucode><font></font><fontsize>12</fontsize><fontspace>0</fontspace><border>0</border><italic>0</italic><align>left</align><position>143:180:266:68</position></item><item><name>发货人-邮编</name><ucode>dly_zip</ucode><font></font><fontsize>12</fontsize><fontspace>8</fontspace><border>0</border><italic>0</italic><align>left</align><position>323:249:91:20</position></item><item><name>√</name><ucode>tick</ucode><font></font><fontsize>12</fontsize><fontspace>0</fontspace><border>0</border><italic>0</italic><align>left</align><position>181:270:26:21</position></item><item><name>收货人-姓名</name><ucode>ship_name</ucode><font></font><fontsize>14</fontsize><fontspace>0</fontspace><border>1</border><italic>0</italic><align>left</align><position>488:126:101:24</position></item><item><name>收货人-地址</name><ucode>ship_addr</ucode><font></font><fontsize>14</fontsize><fontspace>0</fontspace><border>1</border><italic>0</italic><align>left</align><position>490:181:293:68</position></item><item><name>收货人-电话</name><ucode>ship_tel</ucode><font></font><fontsize>14</fontsize><fontspace>0</fontspace><border>1</border><italic>0</italic><align>left</align><position>658:124:122:20</position></item><item><name>订单-物品数量</name><ucode>order_count</ucode><font></font><fontsize>12</fontsize><fontspace>0</fontspace><border>0</border><italic>0</italic><align>left</align><position>339:316:75:54</position></item><item><name>测试内容-物品名称</name><ucode>text</ucode><font></font><fontsize>12</fontsize><fontspace>0</fontspace><border>0</border><italic>0</italic><align>center</align><position>75:330:207:21</position></item><item><name>订单-备注</name><ucode>order_memo</ucode><font></font><fontsize>12</fontsize><fontspace>0</fontspace><border>0</border><italic>0</italic><align>left</align><position>483:393:289:32</position></item><item><name>收货人-地区2级</name><ucode>ship_area_2</ucode><font></font><fontsize>12</fontsize><fontspace>0</fontspace><border>1</border><italic>0</italic><align>left</align><position>480:251:73:21</position></item><item><name>当日日期-年</name><ucode>date_y</ucode><font></font><fontsize>12</fontsize><fontspace>0</fontspace><border>0</border><italic>0</italic><align>left</align><position>474:371:42:22</position></item><item><name>当日日期-月</name><ucode>date_m</ucode><font></font><fontsize>12</fontsize><fontspace>0</fontspace><border>0</border><italic>0</italic><align>left</align><position>532:371:29:20</position></item><item><name>当日日期-日</name><ucode>date_d</ucode><font></font><fontsize>12</fontsize><fontspace>0</fontspace><border>0</border><italic>0</italic><align>left</align><position>584:371:26:21</position></item><item><name>收货人-邮编</name><ucode>ship_zip</ucode><font></font><fontsize>12</fontsize><fontspace>8</fontspace><border>0</border><italic>0</italic><align>left</align><position>672:251:112:21</position></item><item><name>发货人-电话</name><ucode>dly_tel</ucode><font>undefined</font><fontsize>12</fontsize><fontspace>0</fontspace><border>0</border><italic>0</italic><align>left</align><position>289:122:120:20</position></item><item><name>发货人-手机</name><ucode>dly_mobile</ucode><font>undefined</font><fontsize>12</fontsize><fontspace>0</fontspace><border>0</border><italic>0</italic><align>left</align><position>289:138:120:20</position></item><item><name>收货人-手机</name><ucode>ship_mobile</ucode><font>undefined</font><fontsize>14</fontsize><fontspace>0</fontspace><border>1</border><italic>0</italic><align>left</align><position>658:144:124:20</position></item></printer>');
INSERT INTO `sdb_print_tmpl` (`prt_tmpl_id`, `prt_tmpl_title`, `shortcut`, `disabled`, `prt_tmpl_width`, `prt_tmpl_height`, `prt_tmpl_data`) VALUES(2, '申通快递单', 'true', 'false', 250, 180, '<printer picposition="0:0"><item><name>收货人-姓名</name><ucode>ship_name</ucode><font>黑体</font><fontsize>18</fontsize><fontspace>0</fontspace><border>1</border><italic>0</italic><align>left</align><position>453:217:169:29</position></item><item><name>收货人-电话</name><ucode>ship_tel</ucode><font></font><fontsize>14</fontsize><fontspace>0</fontspace><border>1</border><italic>0</italic><align>left</align><position>440:248:103:20</position></item><item><name>收货人-邮编</name><ucode>ship_zip</ucode><font></font><fontsize>12</fontsize><fontspace>12</fontspace><border>0</border><italic>0</italic><align>left</align><position>569:259:95:23</position></item><item><name>收货人-地址</name><ucode>ship_addr</ucode><font>宋体</font><fontsize>14</fontsize><fontspace>0</fontspace><border>1</border><italic>0</italic><align>left</align><position>428:124:228:58</position></item><item><name>发货人-地址</name><ucode>dly_address</ucode><font></font><fontsize>12</fontsize><fontspace>0</fontspace><border>0</border><italic>0</italic><align>left</align><position>160:125:193:57</position></item><item><name>网店名称</name><ucode>shop_name</ucode><font></font><fontsize>14</fontsize><fontspace>0</fontspace><border>1</border><italic>0</italic><align>left</align><position>129:187:223:25</position></item><item><name>发货人-姓名</name><ucode>dly_name</ucode><font>黑体</font><fontsize>14</fontsize><fontspace>0</fontspace><border>1</border><italic>0</italic><align>left</align><position>142:220:187:28</position></item><item><name>发货人-手机</name><ucode>dly_mobile</ucode><font></font><fontsize>12</fontsize><fontspace>0</fontspace><border>0</border><italic>0</italic><align>left</align><position>136:268:105:20</position></item><item><name>发货人-邮编</name><ucode>dly_zip</ucode><font></font><fontsize>12</fontsize><fontspace>10</fontspace><border>0</border><italic>0</italic><align>left</align><position>267:261:100:20</position></item><item><name>订单-物品数量</name><ucode>order_count</ucode><font></font><fontsize>12</fontsize><fontspace>0</fontspace><border>0</border><italic>0</italic><align>left</align><position>714:231:62:25</position></item><item><name>收货人-地区2级</name><ucode>ship_area_1</ucode><font>黑体</font><fontsize>18</fontsize><fontspace>0</fontspace><border>1</border><italic>0</italic><align>left</align><position>714:179:66:44</position></item><item><name>√</name><ucode>tick</ucode><font>undefined</font><fontsize>12</fontsize><fontspace>0</fontspace><border>0</border><italic>0</italic><align>left</align><position>508:361:25:20</position></item><item><name>发货人-电话</name><ucode>dly_tel</ucode><font>undefined</font><fontsize>12</fontsize><fontspace>0</fontspace><border>0</border><italic>0</italic><align>left</align><position>136:248:106:20</position></item><item><name>收货人-手机</name><ucode>ship_mobile</ucode><font>宋体</font><fontsize>14</fontsize><fontspace>0</fontspace><border>1</border><italic>0</italic><align>left</align><position>432:267:116:20</position></item></printer>');
INSERT INTO `sdb_print_tmpl` (`prt_tmpl_id`, `prt_tmpl_title`, `shortcut`, `disabled`, `prt_tmpl_width`, `prt_tmpl_height`, `prt_tmpl_data`) VALUES(3, '顺丰速运1', 'true', 'false', 250, 180, '<printer picposition="0:0"><item><name>发货人-姓名</name><ucode>dly_name</ucode><font></font><fontsize>12</fontsize><fontspace>0</fontspace><border>0</border><italic>0</italic><align>left</align><position>287:127:78:26</position></item><item><name>发货人-地址</name><ucode>dly_address</ucode><font></font><fontsize>12</fontsize><fontspace>0</fontspace><border>0</border><italic>0</italic><align>left</align><position>88:155:279:57</position></item><item><name>发货人-手机</name><ucode>dly_mobile</ucode><font></font><fontsize>12</fontsize><fontspace>0</fontspace><border>0</border><italic>0</italic><align>left</align><position>223:222:144:20</position></item><item><name>发货人-电话</name><ucode>dly_tel</ucode><font></font><fontsize>12</fontsize><fontspace>0</fontspace><border>0</border><italic>0</italic><align>left</align><position>130:223:87:20</position></item><item><name>√</name><ucode>tick</ucode><font></font><fontsize>12</fontsize><fontspace>0</fontspace><border>0</border><italic>0</italic><align>left</align><position>367:124:20:20</position></item><item><name>收货人-姓名</name><ucode>ship_name</ucode><font></font><fontsize>12</fontsize><fontspace>0</fontspace><border>1</border><italic>0</italic><align>left</align><position>286:254:75:31</position></item><item><name>收货人-地址</name><ucode>ship_addr</ucode><font></font><fontsize>18</fontsize><fontspace>0</fontspace><border>1</border><italic>0</italic><align>left</align><position>81:285:281:91</position></item><item><name>收货人-电话</name><ucode>ship_tel</ucode><font></font><fontsize>12</fontsize><fontspace>0</fontspace><border>0</border><italic>0</italic><align>left</align><position>125:384:90:20</position></item><item><name>收货人-手机</name><ucode>ship_mobile</ucode><font></font><fontsize>12</fontsize><fontspace>0</fontspace><border>1</border><italic>0</italic><align>left</align><position>219:384:140:21</position></item><item><name>订单-物品数量</name><ucode>order_count</ucode><font></font><fontsize>12</fontsize><fontspace>0</fontspace><border>0</border><italic>0</italic><align>left</align><position>302:445:62:28</position></item><item><name>网店名称</name><ucode>shop_name</ucode><font></font><fontsize>12</fontsize><fontspace>0</fontspace><border>0</border><italic>0</italic><align>left</align><position>103:125:158:29</position></item><item><name>√</name><ucode>tick</ucode><font>undefined</font><fontsize>12</fontsize><fontspace>0</fontspace><border>0</border><italic>0</italic><align>left</align><position>575:131:20:20</position></item><item><name>发货人-地区2级</name><ucode>dly_area_1</ucode><font>黑体</font><fontsize>14</fontsize><fontspace>0</fontspace><border>1</border><italic>0</italic><align>left</align><position>570:74:64:38</position></item><item><name>收货人-地区2级</name><ucode>ship_area_1</ucode><font>undefined</font><fontsize>14</fontsize><fontspace>0</fontspace><border>1</border><italic>0</italic><align>left</align><position>637:73:60:39</position></item><item><name>当日日期-月</name><ucode>date_m</ucode><font>undefined</font><fontsize>12</fontsize><fontspace>0</fontspace><border>0</border><italic>0</italic><align>left</align><position>599:369:34:20</position></item><item><name>当日日期-日</name><ucode>date_d</ucode><font>undefined</font><fontsize>12</fontsize><fontspace>0</fontspace><border>0</border><italic>0</italic><align>left</align><position>640:369:33:20</position></item><item><name>发货人-姓名</name><ucode>dly_name</ucode><font>undefined</font><fontsize>14</fontsize><fontspace>0</fontspace><border>1</border><italic>0</italic><align>center</align><position>592:340:157:24</position></item></printer>');
INSERT INTO `sdb_print_tmpl` (`prt_tmpl_id`, `prt_tmpl_title`, `shortcut`, `disabled`, `prt_tmpl_width`, `prt_tmpl_height`, `prt_tmpl_data`) VALUES(4, '顺丰速运2', 'true', 'false', 240, 135, '<printer picposition="0:0"><item><name>网店名称</name><ucode>shop_name</ucode><font>undefined</font><fontsize>12</fontsize><fontspace>0</fontspace><border>1</border><italic>0</italic><align>left</align><position>114:134:185:23</position></item><item><name>发货人-姓名</name><ucode>dly_name</ucode><font>undefined</font><fontsize>12</fontsize><fontspace>0</fontspace><border>0</border><italic>0</italic><align>left</align><position>331:135:79:22</position></item><item><name>收货人-手机</name><ucode>ship_mobile</ucode><font>undefined</font><fontsize>14</fontsize><fontspace>0</fontspace><border>1</border><italic>0</italic><align>left</align><position>653:253:113:32</position></item><item><name>发货人-电话</name><ucode>dly_tel</ucode><font>undefined</font><fontsize>12</fontsize><fontspace>0</fontspace><border>0</border><italic>0</italic><align>left</align><position>226:239:182:21</position></item><item><name>发货人-手机</name><ucode>dly_mobile</ucode><font>undefined</font><fontsize>12</fontsize><fontspace>0</fontspace><border>0</border><italic>0</italic><align>left</align><position>270:263:135:20</position></item><item><name>发货人-地区2级</name><ucode>dly_area_1</ucode><font>undefined</font><fontsize>12</fontsize><fontspace>0</fontspace><border>0</border><italic>0</italic><align>left</align><position>199:160:48:25</position></item><item><name>发货人-地址</name><ucode>dly_address</ucode><font>undefined</font><fontsize>18</fontsize><fontspace>0</fontspace><border>1</border><italic>0</italic><align>left</align><position>114:184:293:54</position></item><item><name>发货人-地区1级</name><ucode>dly_area_0</ucode><font>undefined</font><fontsize>12</fontsize><fontspace>0</fontspace><border>0</border><italic>0</italic><align>left</align><position>107:159:60:24</position></item><item><name>收货人-地区2级</name><ucode>ship_area_1</ucode><font>undefined</font><fontsize>14</fontsize><fontspace>0</fontspace><border>1</border><italic>0</italic><align>left</align><position>543:159:66:27</position></item><item><name>收货人-地区1级</name><ucode>ship_area_0</ucode><font>undefined</font><fontsize>14</fontsize><fontspace>0</fontspace><border>1</border><italic>0</italic><align>left</align><position>472:159:55:24</position></item><item><name>收货人-地址</name><ucode>ship_addr</ucode><font>undefined</font><fontsize>14</fontsize><fontspace>0</fontspace><border>1</border><italic>0</italic><align>left</align><position>468:186:297:60</position></item><item><name>收货人-姓名</name><ucode>ship_name</ucode><font>undefined</font><fontsize>12</fontsize><fontspace>0</fontspace><border>0</border><italic>0</italic><align>left</align><position>692:134:75:23</position></item><item><name>发货人-地区2级</name><ucode>dly_area_1</ucode><font>黑体</font><fontsize>18</fontsize><fontspace>0</fontspace><border>0</border><italic>0</italic><align>left</align><position>620:91:74:40</position></item><item><name>收货人-地区2级</name><ucode>ship_area_1</ucode><font>undefined</font><fontsize>18</fontsize><fontspace>0</fontspace><border>0</border><italic>0</italic><align>left</align><position>696:90:70:41</position></item><item><name>√</name><ucode>tick</ucode><font>undefined</font><fontsize>12</fontsize><fontspace>0</fontspace><border>0</border><italic>0</italic><align>left</align><position>399:292:20:20</position></item><item><name>当日日期-月</name><ucode>date_m</ucode><font>undefined</font><fontsize>12</fontsize><fontspace>0</fontspace><border>0</border><italic>0</italic><align>left</align><position>402:454:22:20</position></item><item><name>当日日期-日</name><ucode>date_d</ucode><font>undefined</font><fontsize>12</fontsize><fontspace>0</fontspace><border>0</border><italic>0</italic><align>left</align><position>428:454:20:20</position></item><item><name>收货人-电话</name><ucode>ship_tel</ucode><font>undefined</font><fontsize>14</fontsize><fontspace>0</fontspace><border>1</border><italic>0</italic><align>left</align><position>532:253:93:34</position></item></printer>');
INSERT INTO `sdb_print_tmpl` (`prt_tmpl_id`, `prt_tmpl_title`, `shortcut`, `disabled`, `prt_tmpl_width`, `prt_tmpl_height`, `prt_tmpl_data`) VALUES(5, '天天快递', 'false', 'false', 250, 180, '<printer picposition="0:0"><item><name>发货人-地区2级</name><ucode>dly_area_1</ucode><font></font><fontsize>14</fontsize><fontspace>0</fontspace><border>1</border><italic>0</italic><align>left</align><position>329:107:84:29</position></item><item><name>发货人-地址</name><ucode>dly_address</ucode><font></font><fontsize>12</fontsize><fontspace>0</fontspace><border>0</border><italic>0</italic><align>left</align><position>141:139:273:72</position></item><item><name>发货人-邮编</name><ucode>dly_zip</ucode><font></font><fontsize>12</fontsize><fontspace>8</fontspace><border>0</border><italic>0</italic><align>left</align><position>305:194:87:20</position></item><item><name>发货人-电话</name><ucode>dly_tel</ucode><font></font><fontsize>12</fontsize><fontspace>0</fontspace><border>0</border><italic>0</italic><align>left</align><position>115:212:145:23</position></item><item><name>发货人-手机</name><ucode>dly_mobile</ucode><font></font><fontsize>12</fontsize><fontspace>0</fontspace><border>0</border><italic>0</italic><align>left</align><position>304:214:111:21</position></item><item><name>网店名称</name><ucode>shop_name</ucode><font></font><fontsize>12</fontsize><fontspace>0</fontspace><border>0</border><italic>0</italic><align>left</align><position>115:236:297:22</position></item><item><name>收货人-地区2级</name><ucode>ship_area_1</ucode><font></font><fontsize>12</fontsize><fontspace>0</fontspace><border>1</border><italic>0</italic><align>left</align><position>483:106:98:33</position></item><item><name>收货人-地址</name><ucode>ship_addr</ucode><font></font><fontsize>14</fontsize><fontspace>0</fontspace><border>1</border><italic>0</italic><align>left</align><position>503:141:259:48</position></item><item><name>收货人-邮编</name><ucode>ship_zip</ucode><font></font><fontsize>12</fontsize><fontspace>8</fontspace><border>0</border><italic>0</italic><align>left</align><position>664:190:96:22</position></item><item><name>收货人-电话</name><ucode>ship_tel</ucode><font></font><fontsize>14</fontsize><fontspace>0</fontspace><border>1</border><italic>0</italic><align>left</align><position>481:213:148:24</position></item><item><name>收货人-手机</name><ucode>ship_mobile</ucode><font></font><fontsize>14</fontsize><fontspace>0</fontspace><border>1</border><italic>0</italic><align>left</align><position>665:213:94:22</position></item><item><name>收货人-姓名</name><ucode>ship_name</ucode><font></font><fontsize>14</fontsize><fontspace>0</fontspace><border>1</border><italic>0</italic><align>left</align><position>500:260:242:25</position></item><item><name>当日日期-年</name><ucode>date_y</ucode><font></font><fontsize>12</fontsize><fontspace>0</fontspace><border>0</border><italic>0</italic><align>left</align><position>123:107:36:21</position></item><item><name>当日日期-月</name><ucode>date_m</ucode><font></font><fontsize>12</fontsize><fontspace>0</fontspace><border>0</border><italic>0</italic><align>left</align><position>158:107:20:21</position></item><item><name>当日日期-日</name><ucode>date_d</ucode><font></font><fontsize>12</fontsize><fontspace>0</fontspace><border>0</border><italic>0</italic><align>left</align><position>180:106:20:22</position></item><item><name>订单-物品数量</name><ucode>order_count</ucode><font>undefined</font><fontsize>12</fontsize><fontspace>0</fontspace><border>0</border><italic>0</italic><align>left</align><position>270:324:119:23</position></item></printer>');
INSERT INTO `sdb_print_tmpl` (`prt_tmpl_id`, `prt_tmpl_title`, `shortcut`, `disabled`, `prt_tmpl_width`, `prt_tmpl_height`, `prt_tmpl_data`) VALUES(6, '圆通速递模板', 'false', 'false', 250, 150, '<printer picposition="0:0"><item><name>收货人-姓名</name><ucode>ship_name</ucode><font>黑体</font><fontsize>14</fontsize><fontspace>0</fontspace><border>1</border><italic>0</italic><align>left</align><position>481:112:87:23</position></item><item><name>收货人-地址</name><ucode>ship_addr</ucode><font>黑体</font><fontsize>14</fontsize><fontspace>0</fontspace><border>1</border><italic>0</italic><align>left</align><position>419:198:366:37</position></item><item><name>当日日期-年</name><ucode>date_y</ucode><font></font><fontsize>12</fontsize><fontspace>0</fontspace><border>0</border><italic>0</italic><align>left</align><position>64:407:39:20</position></item><item><name>网店名称</name><ucode>shop_name</ucode><font></font><fontsize>12</fontsize><fontspace>0</fontspace><border>0</border><italic>0</italic><align>left</align><position>130:121:272:30</position></item><item><name>发货人-地区1级</name><ucode>dly_area_1</ucode><font></font><fontsize>12</fontsize><fontspace>0</fontspace><border>0</border><italic>0</italic><align>left</align><position>126:160:75:30</position></item><item><name>发货人-地区2级</name><ucode>dly_area_2</ucode><font></font><fontsize>12</fontsize><fontspace>0</fontspace><border>0</border><italic>0</italic><align>left</align><position>225:160:52:31</position></item><item><name>发货人-手机</name><ucode>dly_mobile</ucode><font></font><fontsize>12</fontsize><fontspace>0</fontspace><border>0</border><italic>0</italic><align>left</align><position>144:222:114:27</position></item><item><name>发货人-地址</name><ucode>dly_address</ucode><font></font><fontsize>12</fontsize><fontspace>0</fontspace><border>0</border><italic>0</italic><align>left</align><position>57:192:343:28</position></item><item><name>发货人-姓名</name><ucode>dly_name</ucode><font></font><fontsize>14</fontsize><fontspace>0</fontspace><border>0</border><italic>0</italic><align>left</align><position>119:95:93:26</position></item><item><name>当日日期-月</name><ucode>date_m</ucode><font></font><fontsize>12</fontsize><fontspace>0</fontspace><border>0</border><italic>0</italic><align>left</align><position>115:407:21:20</position></item><item><name>收货人-地区1级</name><ucode>ship_area_1</ucode><font></font><fontsize>18</fontsize><fontspace>0</fontspace><border>0</border><italic>0</italic><align>left</align><position>481:164:102:31</position></item><item><name>发货人-地区2级</name><ucode>dly_area_2</ucode><font></font><fontsize>18</fontsize><fontspace>0</fontspace><border>0</border><italic>0</italic><align>left</align><position>603:163:58:31</position></item><item><name>√</name><ucode>tick</ucode><font></font><fontsize>12</fontsize><fontspace>0</fontspace><border>0</border><italic>0</italic><align>left</align><position>131:254:23:21</position></item><item><name>收货人-电话</name><ucode>ship_tel</ucode><font></font><fontsize>14</fontsize><fontspace>0</fontspace><border>1</border><italic>0</italic><align>left</align><position>646:107:124:24</position></item><item><name>当日日期-日</name><ucode>date_d</ucode><font></font><fontsize>12</fontsize><fontspace>0</fontspace><border>0</border><italic>0</italic><align>left</align><position>153:406:20:20</position></item><item><name>收货人-邮编</name><ucode>ship_zip</ucode><font></font><fontsize>12</fontsize><fontspace>10</fontspace><border>0</border><italic>0</italic><align>left</align><position>693:230:105:20</position></item><item><name>订单-备注</name><ucode>order_memo</ucode><font></font><fontsize>12</fontsize><fontspace>0</fontspace><border>0</border><italic>0</italic><align>left</align><position>473:403:308:20</position></item><item><name>订单-物品数量</name><ucode>order_count</ucode><font></font><fontsize>12</fontsize><fontspace>0</fontspace><border>0</border><italic>0</italic><align>left</align><position>291:317:99:30</position></item><item><name>自定义内容（内件品名）</name><ucode>text</ucode><font></font><fontsize>12</fontsize><fontspace>0</fontspace><border>0</border><italic>0</italic><align>left</align><position>59:316:210:31</position></item><item><name>发货人-邮编</name><ucode>dly_zip</ucode><font></font><fontsize>12</fontsize><fontspace>8</fontspace><border>0</border><italic>0</italic><align>left</align><position>313:228:99:20</position></item><item><name>√</name><ucode>tick</ucode><font>undefined</font><fontsize>12</fontsize><fontspace>0</fontspace><border>0</border><italic>0</italic><align>left</align><position>246:348:20:20</position></item><item><name>收货人-手机</name><ucode>ship_mobile</ucode><font>undefined</font><fontsize>14</fontsize><fontspace>0</fontspace><border>1</border><italic>0</italic><align>left</align><position>646:125:125:20</position></item><item><name>发货人-地区2级</name><ucode>dly_area_1</ucode><font>undefined</font><fontsize>14</fontsize><fontspace>0</fontspace><border>1</border><italic>0</italic><align>left</align><position>275:95:122:23</position></item></printer>');
INSERT INTO `sdb_print_tmpl` (`prt_tmpl_id`, `prt_tmpl_title`, `shortcut`, `disabled`, `prt_tmpl_width`, `prt_tmpl_height`, `prt_tmpl_data`) VALUES(7, '韵达快运单', 'false', 'false', 250, 150, '<printer picposition="0:0"><item><name>收货人-地址</name><ucode>ship_addr</ucode><font></font><fontsize>18</fontsize><fontspace>0</fontspace><border>1</border><italic>0</italic><align>left</align><position>424:160:338:86</position></item><item><name>收货人-地区1级</name><ucode>ship_area_0</ucode><font>undefined</font><fontsize>14</fontsize><fontspace>0</fontspace><border>1</border><italic>0</italic><align>left</align><position>468:116:76:22</position></item><item><name>收货人-地区2级</name><ucode>ship_area_1</ucode><font>undefined</font><fontsize>14</fontsize><fontspace>0</fontspace><border>1</border><italic>0</italic><align>left</align><position>542:115:78:24</position></item><item><name>收货人-姓名</name><ucode>ship_name</ucode><font>undefined</font><fontsize>12</fontsize><fontspace>0</fontspace><border>0</border><italic>0</italic><align>left</align><position>601:140:125:20</position></item><item><name>发货人-地址</name><ucode>dly_address</ucode><font>undefined</font><fontsize>14</fontsize><fontspace>0</fontspace><border>1</border><italic>0</italic><align>left</align><position>66:166:341:80</position></item><item><name>发货人-电话</name><ucode>dly_tel</ucode><font>undefined</font><fontsize>12</fontsize><fontspace>0</fontspace><border>0</border><italic>0</italic><align>left</align><position>104:248:162:20</position></item><item><name>当日日期-月</name><ucode>date_m</ucode><font>undefined</font><fontsize>12</fontsize><fontspace>0</fontspace><border>0</border><italic>0</italic><align>left</align><position>163:111:20:25</position></item><item><name>当日日期-日</name><ucode>date_d</ucode><font>undefined</font><fontsize>12</fontsize><fontspace>0</fontspace><border>0</border><italic>0</italic><align>left</align><position>192:110:20:26</position></item><item><name>当日日期-年</name><ucode>date_y</ucode><font>undefined</font><fontsize>12</fontsize><fontspace>0</fontspace><border>0</border><italic>0</italic><align>left</align><position>121:110:32:25</position></item><item><name>发货人-姓名</name><ucode>dly_name</ucode><font>undefined</font><fontsize>12</fontsize><fontspace>0</fontspace><border>0</border><italic>0</italic><align>left</align><position>227:140:180:25</position></item><item><name>收货人-电话</name><ucode>ship_tel</ucode><font>undefined</font><fontsize>14</fontsize><fontspace>0</fontspace><border>1</border><italic>0</italic><align>left</align><position>461:246:141:20</position></item><item><name>收货人-邮编</name><ucode>ship_zip</ucode><font>undefined</font><fontsize>12</fontsize><fontspace>8</fontspace><border>1</border><italic>0</italic><align>left</align><position>653:255:110:26</position></item><item><name>发货人-邮编</name><ucode>dly_zip</ucode><font>undefined</font><fontsize>12</fontsize><fontspace>8</fontspace><border>1</border><italic>0</italic><align>left</align><position>315:259:90:22</position></item><item><name>√</name><ucode>tick</ucode><font>undefined</font><fontsize>12</fontsize><fontspace>0</fontspace><border>0</border><italic>0</italic><align>left</align><position>696:404:20:20</position></item><item><name>收货人-手机</name><ucode>ship_mobile</ucode><font>undefined</font><fontsize>14</fontsize><fontspace>0</fontspace><border>1</border><italic>0</italic><align>left</align><position>461:264:143:20</position></item><item><name>发货人-手机</name><ucode>dly_mobile</ucode><font>undefined</font><fontsize>12</fontsize><fontspace>0</fontspace><border>0</border><italic>0</italic><align>left</align><position>104:266:162:20</position></item><item><name>发货人-姓名</name><ucode>dly_name</ucode><font>黑体</font><fontsize>14</fontsize><fontspace>0</fontspace><border>1</border><italic>0</italic><align>left</align><position>128:338:110:35</position></item></printer>');
INSERT INTO `sdb_print_tmpl` (`prt_tmpl_id`, `prt_tmpl_title`, `shortcut`, `disabled`, `prt_tmpl_width`, `prt_tmpl_height`, `prt_tmpl_data`) VALUES(8, '宅急送快件', 'false', 'false', 250, 180, '<printer picposition="0:0"><item><name>发货人-姓名</name><ucode>dly_name</ucode><font></font><fontsize>14</fontsize><fontspace>0</fontspace><border>1</border><italic>0</italic><align>left</align><position>143:129:100:31</position></item><item><name>发货人-地址</name><ucode>dly_address</ucode><font></font><fontsize>12</fontsize><fontspace>0</fontspace><border>0</border><italic>0</italic><align>left</align><position>108:162:293:59</position></item><item><name>发货人-地区2级</name><ucode>dly_area_1</ucode><font></font><fontsize>18</fontsize><fontspace>0</fontspace><border>1</border><italic>0</italic><align>left</align><position>270:129:126:30</position></item><item><name>收货人-姓名</name><ucode>ship_name</ucode><font></font><fontsize>18</fontsize><fontspace>0</fontspace><border>1</border><italic>0</italic><align>left</align><position>513:127:98:31</position></item><item><name>收货人-地区2级</name><ucode>ship_area_1</ucode><font></font><fontsize>14</fontsize><fontspace>0</fontspace><border>1</border><italic>0</italic><align>left</align><position>633:127:130:31</position></item><item><name>收货人-地址</name><ucode>ship_addr</ucode><font></font><fontsize>14</fontsize><fontspace>0</fontspace><border>1</border><italic>0</italic><align>left</align><position>469:160:294:58</position></item><item><name>网店名称</name><ucode>shop_name</ucode><font>黑体</font><fontsize>14</fontsize><fontspace>0</fontspace><border>1</border><italic>0</italic><align>left</align><position>112:222:288:28</position></item><item><name>发货人-电话</name><ucode>dly_tel</ucode><font></font><fontsize>12</fontsize><fontspace>0</fontspace><border>0</border><italic>0</italic><align>left</align><position>101:251:141:23</position></item><item><name>发货人-手机</name><ucode>dly_mobile</ucode><font></font><fontsize>12</fontsize><fontspace>0</fontspace><border>0</border><italic>0</italic><align>left</align><position>296:251:105:20</position></item><item><name>收货人-手机</name><ucode>ship_mobile</ucode><font></font><fontsize>14</fontsize><fontspace>0</fontspace><border>1</border><italic>0</italic><align>left</align><position>644:248:118:23</position></item><item><name>收货人-电话</name><ucode>ship_tel</ucode><font></font><fontsize>14</fontsize><fontspace>0</fontspace><border>1</border><italic>0</italic><align>left</align><position>453:249:143:25</position></item><item><name>订单-物品数量</name><ucode>order_count</ucode><font></font><fontsize>12</fontsize><fontspace>0</fontspace><border>0</border><italic>0</italic><align>left</align><position>102:304:97:26</position></item><item><name>当日日期-月</name><ucode>date_m</ucode><font></font><fontsize>12</fontsize><fontspace>0</fontspace><border>0</border><italic>0</italic><align>left</align><position>100:464:20:20</position></item><item><name>当日日期-日</name><ucode>date_d</ucode><font></font><fontsize>12</fontsize><fontspace>0</fontspace><border>0</border><italic>0</italic><align>left</align><position>128:463:20:20</position></item><item><name>订单-备注</name><ucode>order_memo</ucode><font></font><fontsize>12</fontsize><fontspace>0</fontspace><border>0</border><italic>0</italic><align>left</align><position>469:376:174:42</position></item><item><name>√</name><ucode>tick</ucode><font>undefined</font><fontsize>12</fontsize><fontspace>0</fontspace><border>0</border><italic>0</italic><align>left</align><position>383:424:20:21</position></item><item><name>发货人-姓名</name><ucode>dly_name</ucode><font>undefined</font><fontsize>14</fontsize><fontspace>0</fontspace><border>1</border><italic>0</italic><align>left</align><position>66:443:125:25</position></item></printer>');
INSERT INTO `sdb_print_tmpl` (`prt_tmpl_id`, `prt_tmpl_title`, `shortcut`, `disabled`, `prt_tmpl_width`, `prt_tmpl_height`, `prt_tmpl_data`) VALUES(9, '宅急送普件', 'false', 'false', 240, 135, '<printer picposition="0:0"><item><name>发货人-地区2级</name><ucode>dly_area_1</ucode><font>undefined</font><fontsize>18</fontsize><fontspace>0</fontspace><border>1</border><italic>0</italic><align>left</align><position>272:132:130:31</position></item><item><name>发货人-姓名</name><ucode>dly_name</ucode><font>undefined</font><fontsize>14</fontsize><fontspace>0</fontspace><border>1</border><italic>0</italic><align>left</align><position>75:446:103:33</position></item><item><name>发货人-地址</name><ucode>dly_address</ucode><font>undefined</font><fontsize>12</fontsize><fontspace>0</fontspace><border>0</border><italic>0</italic><align>left</align><position>106:165:294:59</position></item><item><name>网店名称</name><ucode>shop_name</ucode><font>undefined</font><fontsize>12</fontsize><fontspace>0</fontspace><border>0</border><italic>0</italic><align>left</align><position>107:225:289:27</position></item><item><name>发货人-手机</name><ucode>dly_mobile</ucode><font>undefined</font><fontsize>12</fontsize><fontspace>0</fontspace><border>0</border><italic>0</italic><align>left</align><position>271:254:131:25</position></item><item><name>收货人-姓名</name><ucode>ship_name</ucode><font>undefined</font><fontsize>12</fontsize><fontspace>0</fontspace><border>0</border><italic>0</italic><align>left</align><position>482:131:120:32</position></item><item><name>收货人-地区2级</name><ucode>ship_area_1</ucode><font>undefined</font><fontsize>14</fontsize><fontspace>0</fontspace><border>1</border><italic>0</italic><align>left</align><position>637:132:126:30</position></item><item><name>收货人-地址</name><ucode>ship_addr</ucode><font>undefined</font><fontsize>18</fontsize><fontspace>0</fontspace><border>1</border><italic>0</italic><align>left</align><position>467:164:296:58</position></item><item><name>收货人-手机</name><ucode>ship_mobile</ucode><font>undefined</font><fontsize>12</fontsize><fontspace>0</fontspace><border>0</border><italic>0</italic><align>left</align><position>622:253:143:25</position></item><item><name>收货人-电话</name><ucode>ship_tel</ucode><font>undefined</font><fontsize>12</fontsize><fontspace>0</fontspace><border>0</border><italic>0</italic><align>left</align><position>462:253:136:24</position></item><item><name>订单-物品数量</name><ucode>order_count</ucode><font>undefined</font><fontsize>12</fontsize><fontspace>0</fontspace><border>0</border><italic>0</italic><align>left</align><position>106:305:93:27</position></item><item><name>√</name><ucode>tick</ucode><font>undefined</font><fontsize>12</fontsize><fontspace>0</fontspace><border>0</border><italic>0</italic><align>left</align><position>383:426:20:20</position></item><item><name>当日日期-月</name><ucode>date_m</ucode><font>undefined</font><fontsize>12</fontsize><fontspace>0</fontspace><border>0</border><italic>0</italic><align>left</align><position>99:465:20:20</position></item><item><name>当日日期-日</name><ucode>date_d</ucode><font>undefined</font><fontsize>12</fontsize><fontspace>0</fontspace><border>0</border><italic>0</italic><align>left</align><position>125:466:20:21</position></item><item><name>订单-备注</name><ucode>order_memo</ucode><font>undefined</font><fontsize>12</fontsize><fontspace>0</fontspace><border>0</border><italic>0</italic><align>left</align><position>516:363:127:62</position></item><item><name>发货人-姓名</name><ucode>dly_name</ucode><font>undefined</font><fontsize>14</fontsize><fontspace>0</fontspace><border>0</border><italic>0</italic><align>left</align><position>125:133:116:31</position></item><item><name>发货人-电话</name><ucode>dly_tel</ucode><font>undefined</font><fontsize>12</fontsize><fontspace>0</fontspace><border>0</border><italic>0</italic><align>left</align><position>103:255:139:22</position></item></printer>');
INSERT INTO `sdb_print_tmpl` (`prt_tmpl_id`, `prt_tmpl_title`, `shortcut`, `disabled`, `prt_tmpl_width`, `prt_tmpl_height`, `prt_tmpl_data`) VALUES(10, '中国邮政普件', 'false', 'false', 240, 135, '<printer picposition="0:0"><item><name>收货人-姓名</name><ucode>ship_name</ucode><font>undefined</font><fontsize>12</fontsize><fontspace>0</fontspace><border>1</border><italic>0</italic><align>left</align><position>130:261:107:27</position></item><item><name>收货人-电话</name><ucode>ship_tel</ucode><font>undefined</font><fontsize>12</fontsize><fontspace>0</fontspace><border>1</border><italic>0</italic><align>left</align><position>275:253:142:20</position></item><item><name>收货人-地址</name><ucode>ship_addr</ucode><font>undefined</font><fontsize>18</fontsize><fontspace>0</fontspace><border>1</border><italic>0</italic><align>left</align><position>151:188:267:66</position></item><item><name>收货人-邮编</name><ucode>ship_zip</ucode><font>undefined</font><fontsize>14</fontsize><fontspace>16</fontspace><border>1</border><italic>0</italic><align>left</align><position>95:160:159:20</position></item><item><name>发货人-地址</name><ucode>dly_address</ucode><font>undefined</font><fontsize>12</fontsize><fontspace>0</fontspace><border>0</border><italic>0</italic><align>left</align><position>152:291:266:66</position></item><item><name>发货人-电话</name><ucode>dly_tel</ucode><font>undefined</font><fontsize>12</fontsize><fontspace>0</fontspace><border>0</border><italic>0</italic><align>left</align><position>276:356:129:20</position></item><item><name>发货人-姓名</name><ucode>dly_name</ucode><font>undefined</font><fontsize>18</fontsize><fontspace>0</fontspace><border>1</border><italic>0</italic><align>left</align><position>133:365:98:26</position></item><item><name>√</name><ucode>tick</ucode><font>undefined</font><fontsize>12</fontsize><fontspace>0</fontspace><border>0</border><italic>0</italic><align>left</align><position>576:259:20:20</position></item><item><name>订单-物品数量</name><ucode>order_count</ucode><font>undefined</font><fontsize>12</fontsize><fontspace>0</fontspace><border>0</border><italic>0</italic><align>left</align><position>505:174:93:75</position></item><item><name>√</name><ucode>tick</ucode><font>undefined</font><fontsize>12</fontsize><fontspace>0</fontspace><border>0</border><italic>0</italic><align>left</align><position>433:354:25:23</position></item><item><name>发货人-邮编</name><ucode>dly_zip</ucode><font>undefined</font><fontsize>12</fontsize><fontspace>10</fontspace><border>0</border><italic>0</italic><align>left</align><position>305:400:112:21</position></item><item><name>测试内容物品</name><ucode>text</ucode><font>undefined</font><fontsize>12</fontsize><fontspace>0</fontspace><border>0</border><italic>0</italic><align>left</align><position>421:175:83:69</position></item><item><name>收货人-手机</name><ucode>ship_mobile</ucode><font>undefined</font><fontsize>12</fontsize><fontspace>0</fontspace><border>1</border><italic>0</italic><align>left</align><position>275:272:143:20</position></item><item><name>发货人-手机</name><ucode>dly_mobile</ucode><font>undefined</font><fontsize>12</fontsize><fontspace>0</fontspace><border>0</border><italic>0</italic><align>left</align><position>275:375:136:20</position></item></printer>');
INSERT INTO `sdb_print_tmpl` (`prt_tmpl_id`, `prt_tmpl_title`, `shortcut`, `disabled`, `prt_tmpl_width`, `prt_tmpl_height`, `prt_tmpl_data`) VALUES(11, '中通速递1', 'false', 'false', 250, 180, '<printer picposition="0:0"><item><name>发货人-地区2级</name><ucode>dly_area_1</ucode><font>Verdana</font><fontsize>18</fontsize><fontspace>0</fontspace><border>1</border><italic>0</italic><align>left</align><position>299:113:110:26</position></item><item><name>发货人-电话</name><ucode>dly_tel</ucode><font></font><fontsize>12</fontsize><fontspace>0</fontspace><border>0</border><italic>0</italic><align>left</align><position>121:238:156:20</position></item><item><name>发货人-姓名</name><ucode>dly_name</ucode><font></font><fontsize>18</fontsize><fontspace>0</fontspace><border>1</border><italic>0</italic><align>left</align><position>150:115:100:27</position></item><item><name>发货人-地址</name><ucode>dly_address</ucode><font></font><fontsize>14</fontsize><fontspace>0</fontspace><border>1</border><italic>0</italic><align>left</align><position>88:142:321:89</position></item><item><name>收货人-地址</name><ucode>ship_addr</ucode><font>黑体</font><fontsize>14</fontsize><fontspace>0</fontspace><border>1</border><italic>0</italic><align>left</align><position>424:148:328:89</position></item><item><name>收货人-地区2级</name><ucode>ship_area_1</ucode><font></font><fontsize>14</fontsize><fontspace>0</fontspace><border>1</border><italic>0</italic><align>left</align><position>654:111:98:31</position></item><item><name>收货人-邮编</name><ucode>ship_zip</ucode><font></font><fontsize>12</fontsize><fontspace>10</fontspace><border>0</border><italic>0</italic><align>left</align><position>657:253:101:20</position></item><item><name>收货人-电话</name><ucode>ship_tel</ucode><font></font><fontsize>14</fontsize><fontspace>0</fontspace><border>1</border><italic>0</italic><align>left</align><position>457:240:163:20</position></item><item><name>订单-物品数量</name><ucode>order_count</ucode><font></font><fontsize>12</fontsize><fontspace>0</fontspace><border>0</border><italic>0</italic><align>left</align><position>315:281:114:29</position></item><item><name>当日日期-月</name><ucode>date_m</ucode><font></font><fontsize>12</fontsize><fontspace>0</fontspace><border>0</border><italic>0</italic><align>left</align><position>173:381:35:21</position></item><item><name>当日日期-日</name><ucode>date_d</ucode><font></font><fontsize>12</fontsize><fontspace>0</fontspace><border>0</border><italic>0</italic><align>left</align><position>205:380:20:20</position></item><item><name>发货人-邮编</name><ucode>dly_zip</ucode><font></font><fontsize>12</fontsize><fontspace>6</fontspace><border>0</border><italic>0</italic><align>left</align><position>315:252:97:21</position></item><item><name>√</name><ucode>tick</ucode><font></font><fontsize>12</fontsize><fontspace>0</fontspace><border>0</border><italic>0</italic><align>left</align><position>506:407:20:20</position></item><item><name>收货人-姓名</name><ucode>ship_name</ucode><font>undefined</font><fontsize>14</fontsize><fontspace>0</fontspace><border>1</border><italic>0</italic><align>left</align><position>494:114:106:26</position></item><item><name>收货人-手机</name><ucode>ship_mobile</ucode><font>undefined</font><fontsize>14</fontsize><fontspace>0</fontspace><border>1</border><italic>0</italic><align>left</align><position>456:259:164:20</position></item><item><name>发货人-手机</name><ucode>dly_mobile</ucode><font>undefined</font><fontsize>12</fontsize><fontspace>0</fontspace><border>0</border><italic>0</italic><align>left</align><position>121:258:156:20</position></item><item><name>发货人-姓名</name><ucode>dly_name</ucode><font>undefined</font><fontsize>14</fontsize><fontspace>0</fontspace><border>1</border><italic>0</italic><align>left</align><position>159:343:106:32</position></item></printer>');
INSERT INTO `sdb_print_tmpl` (`prt_tmpl_id`, `prt_tmpl_title`, `shortcut`, `disabled`, `prt_tmpl_width`, `prt_tmpl_height`, `prt_tmpl_data`) VALUES(12, '中通速递2', 'false', 'false', 240, 135, '<printer picposition="0:0"><item><name>发货人-姓名</name><ucode>dly_name</ucode><font>undefined</font><fontsize>12</fontsize><fontspace>0</fontspace><border>0</border><italic>0</italic><align>left</align><position>137:107:102:29</position></item><item><name>发货人-地区2级</name><ucode>dly_area_1</ucode><font>undefined</font><fontsize>12</fontsize><fontspace>0</fontspace><border>0</border><italic>0</italic><align>left</align><position>285:107:116:30</position></item><item><name>发货人-地址</name><ucode>dly_address</ucode><font>undefined</font><fontsize>12</fontsize><fontspace>0</fontspace><border>0</border><italic>0</italic><align>left</align><position>137:139:263:57</position></item><item><name>网店名称</name><ucode>shop_name</ucode><font>undefined</font><fontsize>12</fontsize><fontspace>0</fontspace><border>0</border><italic>0</italic><align>left</align><position>130:199:269:34</position></item><item><name>发货人-电话</name><ucode>dly_tel</ucode><font>undefined</font><fontsize>12</fontsize><fontspace>0</fontspace><border>0</border><italic>0</italic><align>left</align><position>135:234:130:20</position></item><item><name>发货人-邮编</name><ucode>dly_zip</ucode><font>undefined</font><fontsize>12</fontsize><fontspace>8</fontspace><border>0</border><italic>0</italic><align>left</align><position>297:249:104:23</position></item><item><name>收货人-地址</name><ucode>ship_addr</ucode><font>黑体</font><fontsize>14</fontsize><fontspace>0</fontspace><border>1</border><italic>0</italic><align>left</align><position>482:139:272:58</position></item><item><name>收货人-电话</name><ucode>ship_tel</ucode><font>undefined</font><fontsize>12</fontsize><fontspace>0</fontspace><border>0</border><italic>0</italic><align>left</align><position>488:234:128:20</position></item><item><name>收货人-邮编</name><ucode>ship_zip</ucode><font>undefined</font><fontsize>12</fontsize><fontspace>8</fontspace><border>0</border><italic>0</italic><align>left</align><position>659:248:95:22</position></item><item><name>收货人-姓名</name><ucode>ship_name</ucode><font>黑体</font><fontsize>18</fontsize><fontspace>0</fontspace><border>1</border><italic>0</italic><align>left</align><position>483:107:116:31</position></item><item><name>收货人-地区2级</name><ucode>ship_area_1</ucode><font>黑体</font><fontsize>14</fontsize><fontspace>0</fontspace><border>1</border><italic>0</italic><align>center</align><position>638:107:116:31</position></item><item><name>订单-物品数量</name><ucode>order_count</ucode><font>undefined</font><fontsize>12</fontsize><fontspace>0</fontspace><border>0</border><italic>0</italic><align>left</align><position>564:277:67:30</position></item><item><name>当日日期-月</name><ucode>date_m</ucode><font>undefined</font><fontsize>12</fontsize><fontspace>0</fontspace><border>0</border><italic>0</italic><align>left</align><position>142:381:20:20</position></item><item><name>当日日期-日</name><ucode>date_d</ucode><font>undefined</font><fontsize>12</fontsize><fontspace>0</fontspace><border>0</border><italic>0</italic><align>left</align><position>171:382:20:20</position></item><item><name>订单-备注</name><ucode>order_memo</ucode><font>undefined</font><fontsize>12</fontsize><fontspace>0</fontspace><border>1</border><italic>0</italic><align>left</align><position>416:342:108:56</position></item><item><name>发货人-手机</name><ucode>dly_mobile</ucode><font>undefined</font><fontsize>12</fontsize><fontspace>0</fontspace><border>0</border><italic>0</italic><align>left</align><position>135:254:128:20</position></item><item><name>收货人-手机</name><ucode>ship_mobile</ucode><font>undefined</font><fontsize>12</fontsize><fontspace>0</fontspace><border>0</border><italic>0</italic><align>left</align><position>486:253:131:20</position></item><item><name>√</name><ucode>tick</ucode><font>undefined</font><fontsize>12</fontsize><fontspace>0</fontspace><border>0</border><italic>0</italic><align>left</align><position>358:415:20:20</position></item><item><name>发货人-姓名</name><ucode>dly_name</ucode><font>黑体</font><fontsize>14</fontsize><fontspace>0</fontspace><border>1</border><italic>0</italic><align>left</align><position>141:346:95:32</position></item></printer>');
INSERT INTO `sdb_link` (`link_id`, `link_name`, `href`, `image_url`, `orderlist`, `disabled`) VALUES(1, 'ebay外贸门户', 'http://cc.dmclick.cn/cgi-bin/tc?_cv_code=21-29-561-34810-34168-3710&trk_cid=21&_to_page=http%253A%252F%252Fwww.ebay.cn%252Fpages%252Fjsp%252Ffm%252Fsuccess%252Flead_form1.jsp%253Fsource%253Dshopex_friendlink%2526_cv_code%253D21-29-561-34810-34168-3710', NULL, 2, 'false');
INSERT INTO `sdb_link` (`link_id`, `link_name`, `href`, `image_url`, `orderlist`, `disabled`) VALUES(2, '财付通网上支付', 'https://www.tenpay.com/', NULL, 1, 'false');
INSERT INTO `sdb_link` (`link_id`, `link_name`, `href`, `image_url`, `orderlist`, `disabled`) VALUES(3, '易宝网上支付', 'http://yeepay.com/', NULL, 3, 'false');
INSERT INTO `sdb_lnk_acts` (`role_id`, `action_id`) VALUES(1, 1);
INSERT INTO `sdb_lnk_acts` (`role_id`, `action_id`) VALUES(2, 2);
INSERT INTO `sdb_lnk_acts` (`role_id`, `action_id`) VALUES(3, 3);
INSERT INTO `sdb_lnk_acts` (`role_id`, `action_id`) VALUES(3, 4);
INSERT INTO `sdb_lnk_acts` (`role_id`, `action_id`) VALUES(4, 5);
INSERT INTO `sdb_sitemaps` (`node_id`, `p_node_id`, `node_type`, `depth`, `path`, `title`, `action`, `manual`, `item_id`, `p_order`, `hidden`, `child_count`) VALUES(1, 0, 'action', 0, NULL, '品牌专区', 'brand:showList', '0', NULL, 1, 'false', 0);
INSERT INTO `sdb_sitemaps` (`node_id`, `p_node_id`, `node_type`, `depth`, `path`, `title`, `action`, `manual`, `item_id`, `p_order`, `hidden`, `child_count`) VALUES(2, 0, 'action', 0, NULL, '兑换赠品', 'gift:showList', '0', NULL, 1, 'false', 0);
INSERT INTO `sdb_sitemaps` (`node_id`, `p_node_id`, `node_type`, `depth`, `path`, `title`, `action`, `manual`, `item_id`, `p_order`, `hidden`, `child_count`) VALUES(3, 0, 'action', 0, NULL, '捆绑促销', 'package:index', '0', NULL, 2, 'false', 0);
INSERT INTO `sdb_sitemaps` (`node_id`, `p_node_id`, `node_type`, `depth`, `path`, `title`, `action`, `manual`, `item_id`, `p_order`, `hidden`, `child_count`) VALUES(4, 0, 'action', 0, NULL, '会员中心', 'member:index', '0', NULL, 3, 'false', 0);
INSERT INTO `sdb_sitemaps` (`node_id`, `p_node_id`, `node_type`, `depth`, `path`, `title`, `action`, `manual`, `item_id`, `p_order`, `hidden`, `child_count`) VALUES(5, 0, 'action', 0, NULL, '购物车', 'cart:index', '0', NULL, 4, 'true', 0);
INSERT INTO `sdb_sitemaps` (`node_id`, `p_node_id`, `node_type`, `depth`, `path`, `title`, `action`, `manual`, `item_id`, `p_order`, `hidden`, `child_count`) VALUES(6, 0, 'action', 0, NULL, '客户留言', 'message:index', '0', NULL, 5, 'false', 0);
INSERT INTO `sdb_sitemaps` (`node_id`, `p_node_id`, `node_type`, `depth`, `path`, `title`, `action`, `manual`, `item_id`, `p_order`, `hidden`, `child_count`) VALUES(7, 0, 'action', 0, NULL, '友情链接', 'link:showList', '0', NULL, 6, 'false', 0);
INSERT INTO `sdb_sitemaps` (`node_id`, `p_node_id`, `node_type`, `depth`, `path`, `title`, `action`, `manual`, `item_id`, `p_order`, `hidden`, `child_count`) VALUES(68, 0, 'page', 0, NULL, '帮助中心', 'page:helpcenter', '0', NULL, 7, 'false', 4);
INSERT INTO `sdb_sitemaps` (`node_id`, `p_node_id`, `node_type`, `depth`, `path`, `title`, `action`, `manual`, `item_id`, `p_order`, `hidden`, `child_count`) VALUES(69, 68, 'page', 1, '68,', '新手上路', 'page:newguide', '0', NULL, 0, 'false', 5);
INSERT INTO `sdb_sitemaps` (`node_id`, `p_node_id`, `node_type`, `depth`, `path`, `title`, `action`, `manual`, `item_id`, `p_order`, `hidden`, `child_count`) VALUES(70, 69, 'page', 2, '68,69,', '顾客必读', 'page:notice', '0', NULL, 0, 'false', 0);
INSERT INTO `sdb_sitemaps` (`node_id`, `p_node_id`, `node_type`, `depth`, `path`, `title`, `action`, `manual`, `item_id`, `p_order`, `hidden`, `child_count`) VALUES(71, 69, 'page', 2, '68,69,', '会员等级折扣', 'page:memberrank', '0', NULL, 1, 'false', 0);
INSERT INTO `sdb_sitemaps` (`node_id`, `p_node_id`, `node_type`, `depth`, `path`, `title`, `action`, `manual`, `item_id`, `p_order`, `hidden`, `child_count`) VALUES(72, 69, 'page', 2, '68,69,', '订单的几种状态', 'page:orderstatus', '0', NULL, 2, 'false', 0);
INSERT INTO `sdb_sitemaps` (`node_id`, `p_node_id`, `node_type`, `depth`, `path`, `title`, `action`, `manual`, `item_id`, `p_order`, `hidden`, `child_count`) VALUES(73, 69, 'page', 2, '68,69,', '积分奖励计划', 'page:scoreplan', '0', NULL, 3, 'false', 0);
INSERT INTO `sdb_sitemaps` (`node_id`, `p_node_id`, `node_type`, `depth`, `path`, `title`, `action`, `manual`, `item_id`, `p_order`, `hidden`, `child_count`) VALUES(74, 69, 'page', 2, '68,69,', '商品退货保障', 'page:returngood', '0', NULL, 4, 'false', 0);
INSERT INTO `sdb_sitemaps` (`node_id`, `p_node_id`, `node_type`, `depth`, `path`, `title`, `action`, `manual`, `item_id`, `p_order`, `hidden`, `child_count`) VALUES(75, 68, 'page', 1, '68,', '购物指南', 'page:shoppingguide', '0', NULL, 1, 'false', 5);
INSERT INTO `sdb_sitemaps` (`node_id`, `p_node_id`, `node_type`, `depth`, `path`, `title`, `action`, `manual`, `item_id`, `p_order`, `hidden`, `child_count`) VALUES(76, 75, 'page', 2, '68,75,', '非会员购物通道', 'page:nonmember', '0', NULL, 0, 'false', 0);
INSERT INTO `sdb_sitemaps` (`node_id`, `p_node_id`, `node_type`, `depth`, `path`, `title`, `action`, `manual`, `item_id`, `p_order`, `hidden`, `child_count`) VALUES(77, 75, 'page', 2, '68,75,', '体贴的售后服务', 'page:service', '0', NULL, 1, 'false', 0);
INSERT INTO `sdb_sitemaps` (`node_id`, `p_node_id`, `node_type`, `depth`, `path`, `title`, `action`, `manual`, `item_id`, `p_order`, `hidden`, `child_count`) VALUES(78, 75, 'page', 2, '68,75,', '网站使用条款', 'page:terms', '0', NULL, 2, 'false', 0);
INSERT INTO `sdb_sitemaps` (`node_id`, `p_node_id`, `node_type`, `depth`, `path`, `title`, `action`, `manual`, `item_id`, `p_order`, `hidden`, `child_count`) VALUES(79, 75, 'page', 2, '68,75,', '网站免责声明', 'page:disclaimer', '0', NULL, 3, 'false', 0);
INSERT INTO `sdb_sitemaps` (`node_id`, `p_node_id`, `node_type`, `depth`, `path`, `title`, `action`, `manual`, `item_id`, `p_order`, `hidden`, `child_count`) VALUES(80, 75, 'page', 2, '68,75,', '简单的购物流程', 'page:process', '0', NULL, 4, 'false', 0);
INSERT INTO `sdb_sitemaps` (`node_id`, `p_node_id`, `node_type`, `depth`, `path`, `title`, `action`, `manual`, `item_id`, `p_order`, `hidden`, `child_count`) VALUES(81, 68, 'page', 1, '68,', '支付/配送方式', 'page:method', '0', NULL, 2, 'false', 5);
INSERT INTO `sdb_sitemaps` (`node_id`, `p_node_id`, `node_type`, `depth`, `path`, `title`, `action`, `manual`, `item_id`, `p_order`, `hidden`, `child_count`) VALUES(82, 81, 'page', 2, '68,81,', '支付方式', 'page:payment', '0', NULL, 0, 'false', 0);
INSERT INTO `sdb_sitemaps` (`node_id`, `p_node_id`, `node_type`, `depth`, `path`, `title`, `action`, `manual`, `item_id`, `p_order`, `hidden`, `child_count`) VALUES(83, 81, 'page', 2, '68,81,', '配送方式', 'page:shipping', '0', NULL, 1, 'false', 0);
INSERT INTO `sdb_sitemaps` (`node_id`, `p_node_id`, `node_type`, `depth`, `path`, `title`, `action`, `manual`, `item_id`, `p_order`, `hidden`, `child_count`) VALUES(84, 81, 'page', 2, '68,81,', '订单何时出库？', 'page:orderinfo', '0', NULL, 2, 'false', 0);
INSERT INTO `sdb_sitemaps` (`node_id`, `p_node_id`, `node_type`, `depth`, `path`, `title`, `action`, `manual`, `item_id`, `p_order`, `hidden`, `child_count`) VALUES(85, 81, 'page', 2, '68,81,', '网上支付小贴士', 'page:onlinepayment', '0', NULL, 3, 'false', 0);
INSERT INTO `sdb_sitemaps` (`node_id`, `p_node_id`, `node_type`, `depth`, `path`, `title`, `action`, `manual`, `item_id`, `p_order`, `hidden`, `child_count`) VALUES(86, 81, 'page', 2, '68,81,', '关于送货和验货', 'page:shippinginfo', '0', NULL, 4, 'false', 0);
INSERT INTO `sdb_sitemaps` (`node_id`, `p_node_id`, `node_type`, `depth`, `path`, `title`, `action`, `manual`, `item_id`, `p_order`, `hidden`, `child_count`) VALUES(87, 68, 'page', 1, '68,', '购物条款', 'page:shoppingrule', '0', NULL, 3, 'false', 2);
INSERT INTO `sdb_sitemaps` (`node_id`, `p_node_id`, `node_type`, `depth`, `path`, `title`, `action`, `manual`, `item_id`, `p_order`, `hidden`, `child_count`) VALUES(88, 87, 'page', 2, '68,87,', '会员注册协议', 'page:license', '0', NULL, 0, 'false', 0);
INSERT INTO `sdb_sitemaps` (`node_id`, `p_node_id`, `node_type`, `depth`, `path`, `title`, `action`, `manual`, `item_id`, `p_order`, `hidden`, `child_count`) VALUES(89, 87, 'page', 2, '68,87,', '隐私保护政策', 'page:privacy', '0', NULL, 1, 'false', 0);
INSERT INTO `sdb_sitemaps` (`node_id`, `p_node_id`, `node_type`, `depth`, `path`, `title`, `action`, `manual`, `item_id`, `p_order`, `hidden`, `child_count`) VALUES(90, 0, 'page', 0, NULL, '公司简介', 'page:cominfo', '0', NULL, 8, 'true', 7);
INSERT INTO `sdb_sitemaps` (`node_id`, `p_node_id`, `node_type`, `depth`, `path`, `title`, `action`, `manual`, `item_id`, `p_order`, `hidden`, `child_count`) VALUES(91, 90, 'page', 1, '90,', '关于我们', 'page:about', '0', NULL, 0, 'false', 0);
INSERT INTO `sdb_sitemaps` (`node_id`, `p_node_id`, `node_type`, `depth`, `path`, `title`, `action`, `manual`, `item_id`, `p_order`, `hidden`, `child_count`) VALUES(92, 90, 'page', 1, '90,', '联系我们', 'page:contact', '0', NULL, 1, 'false', 0);
INSERT INTO `sdb_sitemaps` (`node_id`, `p_node_id`, `node_type`, `depth`, `path`, `title`, `action`, `manual`, `item_id`, `p_order`, `hidden`, `child_count`) VALUES(93, 90, 'page', 1, '90,', '招聘信息', 'page:jobs', '0', NULL, 2, 'false', 0);
INSERT INTO `sdb_sitemaps` (`node_id`, `p_node_id`, `node_type`, `depth`, `path`, `title`, `action`, `manual`, `item_id`, `p_order`, `hidden`, `child_count`) VALUES(100, 90, 'articles', 1, '90,', '最新公告', 'artlist:index', '0', 100, 3, 'false', 0);
INSERT INTO `sdb_sitemaps` (`node_id`, `p_node_id`, `node_type`, `depth`, `path`, `title`, `action`, `manual`, `item_id`, `p_order`, `hidden`, `child_count`) VALUES(101, 90, 'articles', 1, '90,', '促销信息', 'artlist:index', '0', 101, 4, 'false', 0);
INSERT INTO `sdb_sitemaps` (`node_id`, `p_node_id`, `node_type`, `depth`, `path`, `title`, `action`, `manual`, `item_id`, `p_order`, `hidden`, `child_count`) VALUES(102, 90, 'page', 1, '90,', '业务合作', 'page:business', '0', NULL, 5, 'false', 0);
INSERT INTO `sdb_sitemaps` (`node_id`, `p_node_id`, `node_type`, `depth`, `path`, `title`, `action`, `manual`, `item_id`, `p_order`, `hidden`, `child_count`) VALUES(103, 90, 'action', 1, '90,', '站点地图', 'sitemaps:view', '0', NULL, 6, 'false', 0);
INSERT INTO `sdb_sitemaps` (`node_id`, `p_node_id`, `node_type`, `depth`, `path`, `title`, `action`, `manual`, `item_id`, `p_order`, `hidden`, `child_count`) VALUES(112, 0, 'pageurl', 0, NULL, '首页', '?', '1', 0, 0, 'false', 0);
INSERT INTO `sdb_dly_corp` (`corp_id`, `type`, `name`, `disabled`, `ordernum`, `website`) VALUES(1, 'CNEMS', '中国邮政', 'false', NULL, 'http://www.ems.com.cn/');
INSERT INTO `sdb_dly_corp` (`corp_id`, `type`, `name`, `disabled`, `ordernum`, `website`) VALUES(2, 'CNST', '申通快递', 'false', NULL, 'http://www.sto.cn/');
INSERT INTO `sdb_dly_corp` (`corp_id`, `type`, `name`, `disabled`, `ordernum`, `website`) VALUES(3, 'CNYT', '圆通速递', 'false', NULL, 'http://www.yto.net.cn/');
INSERT INTO `sdb_dly_corp` (`corp_id`, `type`, `name`, `disabled`, `ordernum`, `website`) VALUES(4, 'CNSF', '顺丰速运', 'false', NULL, 'http://www.sf-express.com/');
INSERT INTO `sdb_dly_corp` (`corp_id`, `type`, `name`, `disabled`, `ordernum`, `website`) VALUES(5, 'CNTT', '天天快递', 'false', NULL, 'http://www.ttkd.cn/');
INSERT INTO `sdb_dly_corp` (`corp_id`, `type`, `name`, `disabled`, `ordernum`, `website`) VALUES(6, 'CNYD', '韵达快递', 'false', NULL, 'http://www.yundaex.com/');
INSERT INTO `sdb_dly_corp` (`corp_id`, `type`, `name`, `disabled`, `ordernum`, `website`) VALUES(7, 'CNZT', '中通速递', 'false', NULL, 'http://www.zto.cn/');
INSERT INTO `sdb_dly_corp` (`corp_id`, `type`, `name`, `disabled`, `ordernum`, `website`) VALUES(8, 'CNLB', '龙邦物流', 'false', NULL, 'http://www.lbex.com.cn/');
INSERT INTO `sdb_dly_corp` (`corp_id`, `type`, `name`, `disabled`, `ordernum`, `website`) VALUES(9, 'CNZJS', '宅急送', 'false', NULL, 'http://www.zjs.com.cn/');
INSERT INTO `sdb_dly_corp` (`corp_id`, `type`, `name`, `disabled`, `ordernum`, `website`) VALUES(10, 'CNQY', '全一快递', 'false', NULL, 'http://www.apex100.com/');
INSERT INTO `sdb_dly_corp` (`corp_id`, `type`, `name`, `disabled`, `ordernum`, `website`) VALUES(11, 'CNHT', '汇通速递', 'false', NULL, 'http://www.htky365.com/');
INSERT INTO `sdb_dly_corp` (`corp_id`, `type`, `name`, `disabled`, `ordernum`, `website`) VALUES(12, 'CNMH', '民航快递', 'false', NULL, 'http://www.cae.com.cn/');
INSERT INTO `sdb_dly_corp` (`corp_id`, `type`, `name`, `disabled`, `ordernum`, `website`) VALUES(13, 'CNYF', '亚风速递', 'false', NULL, 'http://www.airfex.cn/');
INSERT INTO `sdb_dly_corp` (`corp_id`, `type`, `name`, `disabled`, `ordernum`, `website`) VALUES(14, 'CNKJ', '快捷速递', 'false', NULL, 'http://www.fastexpress.com.cn/');
INSERT INTO `sdb_dly_corp` (`corp_id`, `type`, `name`, `disabled`, `ordernum`, `website`) VALUES(15, 'DDS', 'DDS快递', 'false', NULL, 'http://www.qc-dds.net/');
INSERT INTO `sdb_dly_corp` (`corp_id`, `type`, `name`, `disabled`, `ordernum`, `website`) VALUES(16, 'CNHY', '华宇物流', 'false', NULL, 'http://www.hoau.net/');
INSERT INTO `sdb_dly_corp` (`corp_id`, `type`, `name`, `disabled`, `ordernum`, `website`) VALUES(17, 'CNZY', '中铁快运', 'false', NULL, 'http://www.cre.cn/');
INSERT INTO `sdb_dly_corp` (`corp_id`, `type`, `name`, `disabled`, `ordernum`, `website`) VALUES(18, 'FEDEX', 'FedEx', 'false', NULL, 'http://www.fedex.com/cn/');
INSERT INTO `sdb_dly_corp` (`corp_id`, `type`, `name`, `disabled`, `ordernum`, `website`) VALUES(19, 'UPS', 'UPS', 'false', NULL, 'http://www.ups.com/');
INSERT INTO `sdb_dly_corp` (`corp_id`, `type`, `name`, `disabled`, `ordernum`, `website`) VALUES(20, 'DHL', 'DHL', 'false', NULL, 'http://www.cn.dhl.com/');
INSERT INTO `sdb_member_attr` (`attr_id`, `attr_name`, `attr_type`, `attr_required`, `attr_search`, `attr_option`, `attr_valtype`, `disabled`, `attr_tyname`, `attr_group`, `attr_show`, `attr_order`) VALUES(1, '地区', 'area', 'false', 'false', '', '', 'false', '系统默认', 'defalut', 'true', 4);
INSERT INTO `sdb_member_attr` (`attr_id`, `attr_name`, `attr_type`, `attr_required`, `attr_search`, `attr_option`, `attr_valtype`, `disabled`, `attr_tyname`, `attr_group`, `attr_show`, `attr_order`) VALUES(2, '联系地址', 'addr', 'false', 'false', '', '', 'false', '系统默认', 'defalut', 'true', 5);
INSERT INTO `sdb_member_attr` (`attr_id`, `attr_name`, `attr_type`, `attr_required`, `attr_search`, `attr_option`, `attr_valtype`, `disabled`, `attr_tyname`, `attr_group`, `attr_show`, `attr_order`) VALUES(3, '姓名', 'name', 'false', 'false', '', '', 'false', '系统默认', 'defalut', 'true', 1);
INSERT INTO `sdb_member_attr` (`attr_id`, `attr_name`, `attr_type`, `attr_required`, `attr_search`, `attr_option`, `attr_valtype`, `disabled`, `attr_tyname`, `attr_group`, `attr_show`, `attr_order`) VALUES(4, '移动电话', 'mobile', 'false', 'false', '', 'number', 'false', '系统默认', 'defalut', 'true', 7);
INSERT INTO `sdb_member_attr` (`attr_id`, `attr_name`, `attr_type`, `attr_required`, `attr_search`, `attr_option`, `attr_valtype`, `disabled`, `attr_tyname`, `attr_group`, `attr_show`, `attr_order`) VALUES(5, '固定电话', 'tel', 'false', 'false', '', 'number', 'false', '系统默认', 'defalut', 'true', 8);
INSERT INTO `sdb_member_attr` (`attr_id`, `attr_name`, `attr_type`, `attr_required`, `attr_search`, `attr_option`, `attr_valtype`, `disabled`, `attr_tyname`, `attr_group`, `attr_show`, `attr_order`) VALUES(6, '邮编', 'zip', 'false', 'false', '', 'number', 'false', '系统默认', 'defalut', 'true', 6);
INSERT INTO `sdb_member_attr` (`attr_id`, `attr_name`, `attr_type`, `attr_required`, `attr_search`, `attr_option`, `attr_valtype`, `disabled`, `attr_tyname`, `attr_group`, `attr_show`, `attr_order`) VALUES(7, '性别', 'sex', 'false', 'false', '', '', 'false', '系统默认', 'defalut', 'true', 2);
INSERT INTO `sdb_member_attr` (`attr_id`, `attr_name`, `attr_type`, `attr_required`, `attr_search`, `attr_option`, `attr_valtype`, `disabled`, `attr_tyname`, `attr_group`, `attr_show`, `attr_order`) VALUES(8, '出生日期', 'date', 'false', 'false', '', '', 'false', '系统默认', 'defalut', 'true', 3);
INSERT INTO `sdb_member_attr` (`attr_id`, `attr_name`, `attr_type`, `attr_required`, `attr_search`, `attr_option`, `attr_valtype`, `disabled`, `attr_tyname`, `attr_group`, `attr_show`, `attr_order`) VALUES(9, '安全问题', 'pw_question', 'false', 'false', '', '', 'false', '系统默认', 'defalut', 'true', 9);
INSERT INTO `sdb_member_attr` (`attr_id`, `attr_name`, `attr_type`, `attr_required`, `attr_search`, `attr_option`, `attr_valtype`, `disabled`, `attr_tyname`, `attr_group`, `attr_show`, `attr_order`) VALUES(10, '回答', 'pw_answer', 'false', 'false', '', '', 'false', '系统默认', 'defalut', 'true', 10);
INSERT INTO `sdb_member_attr` (`attr_id`, `attr_name`, `attr_type`, `attr_required`, `attr_search`, `attr_option`, `attr_valtype`, `disabled`, `attr_tyname`, `attr_group`, `attr_show`, `attr_order`) VALUES(11, 'QQ', 'text', 'false', 'false', '', '', 'false', 'QQ', 'contact', 'true', 11);
INSERT INTO `sdb_member_attr` (`attr_id`, `attr_name`, `attr_type`, `attr_required`, `attr_search`, `attr_option`, `attr_valtype`, `disabled`, `attr_tyname`, `attr_group`, `attr_show`, `attr_order`) VALUES(12, 'MSN', 'text', 'false', 'false', '', 'email', 'false', 'MSN', 'contact', 'false', 12);
INSERT INTO `sdb_member_attr` (`attr_id`, `attr_name`, `attr_type`, `attr_required`, `attr_search`, `attr_option`, `attr_valtype`, `disabled`, `attr_tyname`, `attr_group`, `attr_show`, `attr_order`) VALUES(13, 'Skype', 'text', 'false', 'false', '', 'alphaint', 'false', 'Skype', 'contact', 'false', 13);
INSERT INTO `sdb_member_attr` (`attr_id`, `attr_name`, `attr_type`, `attr_required`, `attr_search`, `attr_option`, `attr_valtype`, `disabled`, `attr_tyname`, `attr_group`, `attr_show`, `attr_order`) VALUES(14, '旺旺', 'text', 'false', 'false', '', '', 'false', '旺旺', 'contact', 'false', 14);
